-- root-types-contained: SystemModel_c,PackageableElement_c,DataType_c,CoreDataType_c,UserDataType_c
-- BP 7.1 content: StreamData syschar: 3 persistence-version: 7.1.6

INSERT INTO S_SYS
	VALUES ("2d0d5816-3245-40af-987c-1fd066439af5",
	'CarPark',
	1);
INSERT INTO EP_PKG
	VALUES ("41a87cca-6276-45ff-81f5-b4cd00549b6e",
	"2d0d5816-3245-40af-987c-1fd066439af5",
	"2d0d5816-3245-40af-987c-1fd066439af5",
	'Components',
	'Assumptions:
- There will be no history records kept regarding the detection of the vehicales by the sensors.
- Once the button is pressed the button will be disabled, to prevent requesting multipe tickets for one vehicle.',
	0);
INSERT INTO PE_PE
	VALUES ("64507606-a1ed-4f97-8a12-8273aa9dabb3",
	1,
	"41a87cca-6276-45ff-81f5-b4cd00549b6e",
	"00000000-0000-0000-0000-000000000000",
	4);
INSERT INTO O_OBJ
	VALUES ("64507606-a1ed-4f97-8a12-8273aa9dabb3",
	'Alarm',
	9,
	'Alarm',
	'A sound to alarm the operator about: Exit Deadline Missed and No Ticket Payment.
',
	"00000000-0000-0000-0000-000000000000");
INSERT INTO O_NBATTR
	VALUES ("2210ae7e-f029-422b-a0b2-a216b706126a",
	"64507606-a1ed-4f97-8a12-8273aa9dabb3");
INSERT INTO O_BATTR
	VALUES ("2210ae7e-f029-422b-a0b2-a216b706126a",
	"64507606-a1ed-4f97-8a12-8273aa9dabb3");
INSERT INTO O_ATTR
	VALUES ("2210ae7e-f029-422b-a0b2-a216b706126a",
	"64507606-a1ed-4f97-8a12-8273aa9dabb3",
	"00000000-0000-0000-0000-000000000000",
	'Status',
	'indicates if there is a raised alert in the control room or not.
',
	'',
	'Status',
	0,
	"ba5eda7a-def5-0000-0000-000000000001",
	'',
	'');
INSERT INTO O_ID
	VALUES (0,
	"64507606-a1ed-4f97-8a12-8273aa9dabb3");
INSERT INTO O_ID
	VALUES (1,
	"64507606-a1ed-4f97-8a12-8273aa9dabb3");
INSERT INTO O_ID
	VALUES (2,
	"64507606-a1ed-4f97-8a12-8273aa9dabb3");
INSERT INTO PE_PE
	VALUES ("946fb7d0-910b-4c32-97d5-1f4c7cad8868",
	1,
	"41a87cca-6276-45ff-81f5-b4cd00549b6e",
	"00000000-0000-0000-0000-000000000000",
	4);
INSERT INTO O_OBJ
	VALUES ("946fb7d0-910b-4c32-97d5-1f4c7cad8868",
	'Boom',
	3,
	'Boom',
	'Automated gate barrier. It moves up and down to control the access of the car park. ',
	"00000000-0000-0000-0000-000000000000");
INSERT INTO O_NBATTR
	VALUES ("080fcf70-57ec-424b-951a-1e9372d5f98f",
	"946fb7d0-910b-4c32-97d5-1f4c7cad8868");
INSERT INTO O_BATTR
	VALUES ("080fcf70-57ec-424b-951a-1e9372d5f98f",
	"946fb7d0-910b-4c32-97d5-1f4c7cad8868");
INSERT INTO O_ATTR
	VALUES ("080fcf70-57ec-424b-951a-1e9372d5f98f",
	"946fb7d0-910b-4c32-97d5-1f4c7cad8868",
	"00000000-0000-0000-0000-000000000000",
	'Raised',
	'Represents the status of the boom, whether it was lowered to prevent any vehicle from passing through, or raised to allow them. 
',
	'',
	'Raised',
	0,
	"ba5eda7a-def5-0000-0000-000000000001",
	'',
	'');
INSERT INTO O_NBATTR
	VALUES ("9539619f-d134-491b-a4f8-27eabfa462ee",
	"946fb7d0-910b-4c32-97d5-1f4c7cad8868");
INSERT INTO O_BATTR
	VALUES ("9539619f-d134-491b-a4f8-27eabfa462ee",
	"946fb7d0-910b-4c32-97d5-1f4c7cad8868");
INSERT INTO O_ATTR
	VALUES ("9539619f-d134-491b-a4f8-27eabfa462ee",
	"946fb7d0-910b-4c32-97d5-1f4c7cad8868",
	"080fcf70-57ec-424b-951a-1e9372d5f98f",
	'SerialNumber',
	'A unique number that identifies the boom.',
	'',
	'SerialNumber',
	0,
	"ba5eda7a-def5-0000-0000-000000000002",
	'',
	'');
INSERT INTO O_ID
	VALUES (0,
	"946fb7d0-910b-4c32-97d5-1f4c7cad8868");
INSERT INTO O_OIDA
	VALUES ("9539619f-d134-491b-a4f8-27eabfa462ee",
	"946fb7d0-910b-4c32-97d5-1f4c7cad8868",
	0,
	'SerialNumber');
INSERT INTO O_ID
	VALUES (1,
	"946fb7d0-910b-4c32-97d5-1f4c7cad8868");
INSERT INTO O_ID
	VALUES (2,
	"946fb7d0-910b-4c32-97d5-1f4c7cad8868");
INSERT INTO PE_PE
	VALUES ("0115173d-5d99-47c7-8f26-a50a77b9753b",
	1,
	"41a87cca-6276-45ff-81f5-b4cd00549b6e",
	"00000000-0000-0000-0000-000000000000",
	4);
INSERT INTO O_OBJ
	VALUES ("0115173d-5d99-47c7-8f26-a50a77b9753b",
	'PaymentMachine',
	11,
	'PaymentMachine',
	'',
	"00000000-0000-0000-0000-000000000000");
INSERT INTO O_TFR
	VALUES ("2f117e47-9662-4b70-badd-54944903f663",
	"0115173d-5d99-47c7-8f26-a50a77b9753b",
	'PaymentMachine',
	'',
	"ba5eda7a-def5-0000-0000-000000000000",
	0,
	'//Initialize Payment Machine
//Open Ticket Slot',
	1,
	'',
	"00000000-0000-0000-0000-000000000000",
	0);
INSERT INTO ACT_OPB
	VALUES ("4d82033d-497d-4726-8bc0-81d5cf779615",
	"2f117e47-9662-4b70-badd-54944903f663");
INSERT INTO ACT_ACT
	VALUES ("4d82033d-497d-4726-8bc0-81d5cf779615",
	'class operation',
	0,
	"980d86cc-50a0-412a-afce-577e965edd7a",
	"00000000-0000-0000-0000-000000000000",
	0,
	'PaymentMachine::PaymentMachine',
	"00000000-0000-0000-0000-000000000000");
INSERT INTO ACT_BLK
	VALUES ("980d86cc-50a0-412a-afce-577e965edd7a",
	0,
	0,
	0,
	'',
	'',
	'',
	0,
	0,
	0,
	0,
	0,
	0,
	0,
	0,
	0,
	0,
	0,
	0,
	0,
	"4d82033d-497d-4726-8bc0-81d5cf779615",
	"00000000-0000-0000-0000-000000000000");
INSERT INTO O_NBATTR
	VALUES ("5e8e9786-b445-418e-ab22-dbcb113576d0",
	"0115173d-5d99-47c7-8f26-a50a77b9753b");
INSERT INTO O_BATTR
	VALUES ("5e8e9786-b445-418e-ab22-dbcb113576d0",
	"0115173d-5d99-47c7-8f26-a50a77b9753b");
INSERT INTO O_ATTR
	VALUES ("5e8e9786-b445-418e-ab22-dbcb113576d0",
	"0115173d-5d99-47c7-8f26-a50a77b9753b",
	"00000000-0000-0000-0000-000000000000",
	'current_state',
	'',
	'',
	'current_state',
	0,
	"ba5eda7a-def5-0000-0000-000000000006",
	'',
	'');
INSERT INTO O_NBATTR
	VALUES ("12f74256-ffbe-468a-b189-308115c4bcf3",
	"0115173d-5d99-47c7-8f26-a50a77b9753b");
INSERT INTO O_BATTR
	VALUES ("12f74256-ffbe-468a-b189-308115c4bcf3",
	"0115173d-5d99-47c7-8f26-a50a77b9753b");
INSERT INTO O_ATTR
	VALUES ("12f74256-ffbe-468a-b189-308115c4bcf3",
	"0115173d-5d99-47c7-8f26-a50a77b9753b",
	"5e8e9786-b445-418e-ab22-dbcb113576d0",
	'IsTicketSlotOpen',
	'',
	'',
	'IsTicketSlotOpen',
	0,
	"ba5eda7a-def5-0000-0000-000000000001",
	'',
	'');
INSERT INTO O_NBATTR
	VALUES ("a10268b9-e54f-4c29-a450-8da35291296e",
	"0115173d-5d99-47c7-8f26-a50a77b9753b");
INSERT INTO O_BATTR
	VALUES ("a10268b9-e54f-4c29-a450-8da35291296e",
	"0115173d-5d99-47c7-8f26-a50a77b9753b");
INSERT INTO O_ATTR
	VALUES ("a10268b9-e54f-4c29-a450-8da35291296e",
	"0115173d-5d99-47c7-8f26-a50a77b9753b",
	"12f74256-ffbe-468a-b189-308115c4bcf3",
	'IsCurrencySlotOpen',
	'',
	'',
	'IsCurrencySlotOpen',
	0,
	"ba5eda7a-def5-0000-0000-000000000001",
	'',
	'');
INSERT INTO O_NBATTR
	VALUES ("e48ac2aa-25c5-4a03-8712-7e84d13b6d5f",
	"0115173d-5d99-47c7-8f26-a50a77b9753b");
INSERT INTO O_BATTR
	VALUES ("e48ac2aa-25c5-4a03-8712-7e84d13b6d5f",
	"0115173d-5d99-47c7-8f26-a50a77b9753b");
INSERT INTO O_ATTR
	VALUES ("e48ac2aa-25c5-4a03-8712-7e84d13b6d5f",
	"0115173d-5d99-47c7-8f26-a50a77b9753b",
	"a10268b9-e54f-4c29-a450-8da35291296e",
	'Timer',
	'',
	'',
	'Timer',
	0,
	"ba5eda7a-def5-0000-0000-000000000002",
	'',
	'');
INSERT INTO O_ID
	VALUES (0,
	"0115173d-5d99-47c7-8f26-a50a77b9753b");
INSERT INTO O_ID
	VALUES (1,
	"0115173d-5d99-47c7-8f26-a50a77b9753b");
INSERT INTO O_ID
	VALUES (2,
	"0115173d-5d99-47c7-8f26-a50a77b9753b");
INSERT INTO SM_ISM
	VALUES ("9ca5c19c-f232-4fcc-abd0-3e556dc22984",
	"0115173d-5d99-47c7-8f26-a50a77b9753b");
INSERT INTO SM_SM
	VALUES ("9ca5c19c-f232-4fcc-abd0-3e556dc22984",
	'',
	0);
INSERT INTO SM_MOORE
	VALUES ("9ca5c19c-f232-4fcc-abd0-3e556dc22984");
INSERT INTO SM_EVTDI
	VALUES ("6dd53d9d-363f-4aea-8c2c-675000ed2e69",
	"9ca5c19c-f232-4fcc-abd0-3e556dc22984",
	'InsertedAmount',
	'',
	"ba5eda7a-def5-0000-0000-000000000002",
	'',
	"d935a083-8245-473b-aeb3-48ec0baf1a28",
	"00000000-0000-0000-0000-000000000000");
INSERT INTO SM_EVTDI
	VALUES ("092659f0-a145-4ce9-af83-d18ffe4d52a7",
	"9ca5c19c-f232-4fcc-abd0-3e556dc22984",
	'InsertedAmount',
	'',
	"ba5eda7a-def5-0000-0000-000000000002",
	'',
	"ea1494d4-6126-4bfa-8e9f-cf9e30b866e1",
	"00000000-0000-0000-0000-000000000000");
INSERT INTO SM_EVTDI
	VALUES ("e53cabbf-5443-4028-bbcf-971d6adf8768",
	"9ca5c19c-f232-4fcc-abd0-3e556dc22984",
	'Fee',
	'',
	"ba5eda7a-def5-0000-0000-000000000002",
	'',
	"ea1494d4-6126-4bfa-8e9f-cf9e30b866e1",
	"092659f0-a145-4ce9-af83-d18ffe4d52a7");
INSERT INTO SM_EVTDI
	VALUES ("59678db0-3a5f-4115-b690-6c255f23e12a",
	"9ca5c19c-f232-4fcc-abd0-3e556dc22984",
	'TicketNumber',
	'',
	"ba5eda7a-def5-0000-0000-000000000005",
	'',
	"baa51ef5-e612-4170-8ca8-91294f604040",
	"00000000-0000-0000-0000-000000000000");
INSERT INTO SM_EVTDI
	VALUES ("1307ef3e-a43d-43fe-bd60-c792c270660f",
	"9ca5c19c-f232-4fcc-abd0-3e556dc22984",
	'TicketNumber',
	'',
	"ba5eda7a-def5-0000-0000-000000000005",
	'',
	"94ccc537-cc61-4393-93c5-36f8639d10f7",
	"00000000-0000-0000-0000-000000000000");
INSERT INTO SM_EVTDI
	VALUES ("5fbcb95c-f2da-462c-9498-e90d1aea8a00",
	"9ca5c19c-f232-4fcc-abd0-3e556dc22984",
	'TicketNumber',
	'',
	"ba5eda7a-def5-0000-0000-000000000005",
	'',
	"d50db7fe-a16b-4165-b400-eb4ed206acf8",
	"00000000-0000-0000-0000-000000000000");
INSERT INTO SM_LEVT
	VALUES ("dc78f742-0603-4f83-8e83-13a01fc5bfed",
	"9ca5c19c-f232-4fcc-abd0-3e556dc22984",
	"00000000-0000-0000-0000-000000000000");
INSERT INTO SM_SEVT
	VALUES ("dc78f742-0603-4f83-8e83-13a01fc5bfed",
	"9ca5c19c-f232-4fcc-abd0-3e556dc22984",
	"00000000-0000-0000-0000-000000000000");
INSERT INTO SM_EVT
	VALUES ("dc78f742-0603-4f83-8e83-13a01fc5bfed",
	"9ca5c19c-f232-4fcc-abd0-3e556dc22984",
	"00000000-0000-0000-0000-000000000000",
	10,
	'Is Available',
	0,
	'',
	'PaymentMachine10',
	'');
INSERT INTO SM_LEVT
	VALUES ("1b6b5ef5-d13f-401a-8035-f11b81e858f7",
	"9ca5c19c-f232-4fcc-abd0-3e556dc22984",
	"00000000-0000-0000-0000-000000000000");
INSERT INTO SM_SEVT
	VALUES ("1b6b5ef5-d13f-401a-8035-f11b81e858f7",
	"9ca5c19c-f232-4fcc-abd0-3e556dc22984",
	"00000000-0000-0000-0000-000000000000");
INSERT INTO SM_EVT
	VALUES ("1b6b5ef5-d13f-401a-8035-f11b81e858f7",
	"9ca5c19c-f232-4fcc-abd0-3e556dc22984",
	"00000000-0000-0000-0000-000000000000",
	11,
	'Is Unavailable',
	0,
	'',
	'PaymentMachine11',
	'');
INSERT INTO SM_LEVT
	VALUES ("ab1bd482-2474-43d3-8fd5-68232585b8c8",
	"9ca5c19c-f232-4fcc-abd0-3e556dc22984",
	"00000000-0000-0000-0000-000000000000");
INSERT INTO SM_SEVT
	VALUES ("ab1bd482-2474-43d3-8fd5-68232585b8c8",
	"9ca5c19c-f232-4fcc-abd0-3e556dc22984",
	"00000000-0000-0000-0000-000000000000");
INSERT INTO SM_EVT
	VALUES ("ab1bd482-2474-43d3-8fd5-68232585b8c8",
	"9ca5c19c-f232-4fcc-abd0-3e556dc22984",
	"00000000-0000-0000-0000-000000000000",
	12,
	'Accept Overpayment',
	0,
	'',
	'PaymentMachine12',
	'');
INSERT INTO SM_LEVT
	VALUES ("d935a083-8245-473b-aeb3-48ec0baf1a28",
	"9ca5c19c-f232-4fcc-abd0-3e556dc22984",
	"00000000-0000-0000-0000-000000000000");
INSERT INTO SM_SEVT
	VALUES ("d935a083-8245-473b-aeb3-48ec0baf1a28",
	"9ca5c19c-f232-4fcc-abd0-3e556dc22984",
	"00000000-0000-0000-0000-000000000000");
INSERT INTO SM_EVT
	VALUES ("d935a083-8245-473b-aeb3-48ec0baf1a28",
	"9ca5c19c-f232-4fcc-abd0-3e556dc22984",
	"00000000-0000-0000-0000-000000000000",
	14,
	'Cancel',
	0,
	'',
	'PaymentMachine14',
	'');
INSERT INTO SM_LEVT
	VALUES ("baa51ef5-e612-4170-8ca8-91294f604040",
	"9ca5c19c-f232-4fcc-abd0-3e556dc22984",
	"00000000-0000-0000-0000-000000000000");
INSERT INTO SM_SEVT
	VALUES ("baa51ef5-e612-4170-8ca8-91294f604040",
	"9ca5c19c-f232-4fcc-abd0-3e556dc22984",
	"00000000-0000-0000-0000-000000000000");
INSERT INTO SM_EVT
	VALUES ("baa51ef5-e612-4170-8ca8-91294f604040",
	"9ca5c19c-f232-4fcc-abd0-3e556dc22984",
	"00000000-0000-0000-0000-000000000000",
	15,
	'Insert Ticket ',
	0,
	'',
	'PaymentMachine15',
	'');
INSERT INTO SM_LEVT
	VALUES ("4faad3b0-9e13-40be-8ed8-b00524179f25",
	"9ca5c19c-f232-4fcc-abd0-3e556dc22984",
	"00000000-0000-0000-0000-000000000000");
INSERT INTO SM_SEVT
	VALUES ("4faad3b0-9e13-40be-8ed8-b00524179f25",
	"9ca5c19c-f232-4fcc-abd0-3e556dc22984",
	"00000000-0000-0000-0000-000000000000");
INSERT INTO SM_EVT
	VALUES ("4faad3b0-9e13-40be-8ed8-b00524179f25",
	"9ca5c19c-f232-4fcc-abd0-3e556dc22984",
	"00000000-0000-0000-0000-000000000000",
	17,
	'Completed',
	0,
	'',
	'PaymentMachine17',
	'');
INSERT INTO SM_LEVT
	VALUES ("c664e6c7-072d-4366-9680-a80f8489a001",
	"9ca5c19c-f232-4fcc-abd0-3e556dc22984",
	"00000000-0000-0000-0000-000000000000");
INSERT INTO SM_SEVT
	VALUES ("c664e6c7-072d-4366-9680-a80f8489a001",
	"9ca5c19c-f232-4fcc-abd0-3e556dc22984",
	"00000000-0000-0000-0000-000000000000");
INSERT INTO SM_EVT
	VALUES ("c664e6c7-072d-4366-9680-a80f8489a001",
	"9ca5c19c-f232-4fcc-abd0-3e556dc22984",
	"00000000-0000-0000-0000-000000000000",
	18,
	'Insert Currency',
	0,
	'',
	'PaymentMachine18',
	'');
INSERT INTO SM_LEVT
	VALUES ("94ccc537-cc61-4393-93c5-36f8639d10f7",
	"9ca5c19c-f232-4fcc-abd0-3e556dc22984",
	"00000000-0000-0000-0000-000000000000");
INSERT INTO SM_SEVT
	VALUES ("94ccc537-cc61-4393-93c5-36f8639d10f7",
	"9ca5c19c-f232-4fcc-abd0-3e556dc22984",
	"00000000-0000-0000-0000-000000000000");
INSERT INTO SM_EVT
	VALUES ("94ccc537-cc61-4393-93c5-36f8639d10f7",
	"9ca5c19c-f232-4fcc-abd0-3e556dc22984",
	"00000000-0000-0000-0000-000000000000",
	19,
	'Rejected',
	0,
	'',
	'PaymentMachine19',
	'');
INSERT INTO SM_LEVT
	VALUES ("ea1494d4-6126-4bfa-8e9f-cf9e30b866e1",
	"9ca5c19c-f232-4fcc-abd0-3e556dc22984",
	"00000000-0000-0000-0000-000000000000");
INSERT INTO SM_SEVT
	VALUES ("ea1494d4-6126-4bfa-8e9f-cf9e30b866e1",
	"9ca5c19c-f232-4fcc-abd0-3e556dc22984",
	"00000000-0000-0000-0000-000000000000");
INSERT INTO SM_EVT
	VALUES ("ea1494d4-6126-4bfa-8e9f-cf9e30b866e1",
	"9ca5c19c-f232-4fcc-abd0-3e556dc22984",
	"00000000-0000-0000-0000-000000000000",
	20,
	'Accepted',
	0,
	'',
	'PaymentMachine20',
	'');
INSERT INTO SM_LEVT
	VALUES ("925497bb-ef7d-4034-8561-783139dcb795",
	"9ca5c19c-f232-4fcc-abd0-3e556dc22984",
	"00000000-0000-0000-0000-000000000000");
INSERT INTO SM_SEVT
	VALUES ("925497bb-ef7d-4034-8561-783139dcb795",
	"9ca5c19c-f232-4fcc-abd0-3e556dc22984",
	"00000000-0000-0000-0000-000000000000");
INSERT INTO SM_EVT
	VALUES ("925497bb-ef7d-4034-8561-783139dcb795",
	"9ca5c19c-f232-4fcc-abd0-3e556dc22984",
	"00000000-0000-0000-0000-000000000000",
	21,
	'Timer Expried',
	0,
	'',
	'PaymentMachine21',
	'');
INSERT INTO SM_LEVT
	VALUES ("d50db7fe-a16b-4165-b400-eb4ed206acf8",
	"9ca5c19c-f232-4fcc-abd0-3e556dc22984",
	"00000000-0000-0000-0000-000000000000");
INSERT INTO SM_SEVT
	VALUES ("d50db7fe-a16b-4165-b400-eb4ed206acf8",
	"9ca5c19c-f232-4fcc-abd0-3e556dc22984",
	"00000000-0000-0000-0000-000000000000");
INSERT INTO SM_EVT
	VALUES ("d50db7fe-a16b-4165-b400-eb4ed206acf8",
	"9ca5c19c-f232-4fcc-abd0-3e556dc22984",
	"00000000-0000-0000-0000-000000000000",
	22,
	'Currency Less than Required ',
	0,
	'',
	'PaymentMachine22',
	'');
INSERT INTO SM_STATE
	VALUES ("188a96e4-0d11-4735-a236-f002abb7736b",
	"9ca5c19c-f232-4fcc-abd0-3e556dc22984",
	"00000000-0000-0000-0000-000000000000",
	'Waiting for Ticket',
	1,
	0);
INSERT INTO SM_CH
	VALUES ("188a96e4-0d11-4735-a236-f002abb7736b",
	"dc78f742-0603-4f83-8e83-13a01fc5bfed",
	"9ca5c19c-f232-4fcc-abd0-3e556dc22984",
	"00000000-0000-0000-0000-000000000000",
	'');
INSERT INTO SM_SEME
	VALUES ("188a96e4-0d11-4735-a236-f002abb7736b",
	"dc78f742-0603-4f83-8e83-13a01fc5bfed",
	"9ca5c19c-f232-4fcc-abd0-3e556dc22984",
	"00000000-0000-0000-0000-000000000000");
INSERT INTO SM_CH
	VALUES ("188a96e4-0d11-4735-a236-f002abb7736b",
	"1b6b5ef5-d13f-401a-8035-f11b81e858f7",
	"9ca5c19c-f232-4fcc-abd0-3e556dc22984",
	"00000000-0000-0000-0000-000000000000",
	'');
INSERT INTO SM_SEME
	VALUES ("188a96e4-0d11-4735-a236-f002abb7736b",
	"1b6b5ef5-d13f-401a-8035-f11b81e858f7",
	"9ca5c19c-f232-4fcc-abd0-3e556dc22984",
	"00000000-0000-0000-0000-000000000000");
INSERT INTO SM_CH
	VALUES ("188a96e4-0d11-4735-a236-f002abb7736b",
	"ab1bd482-2474-43d3-8fd5-68232585b8c8",
	"9ca5c19c-f232-4fcc-abd0-3e556dc22984",
	"00000000-0000-0000-0000-000000000000",
	'');
INSERT INTO SM_SEME
	VALUES ("188a96e4-0d11-4735-a236-f002abb7736b",
	"ab1bd482-2474-43d3-8fd5-68232585b8c8",
	"9ca5c19c-f232-4fcc-abd0-3e556dc22984",
	"00000000-0000-0000-0000-000000000000");
INSERT INTO SM_CH
	VALUES ("188a96e4-0d11-4735-a236-f002abb7736b",
	"d935a083-8245-473b-aeb3-48ec0baf1a28",
	"9ca5c19c-f232-4fcc-abd0-3e556dc22984",
	"00000000-0000-0000-0000-000000000000",
	'');
INSERT INTO SM_SEME
	VALUES ("188a96e4-0d11-4735-a236-f002abb7736b",
	"d935a083-8245-473b-aeb3-48ec0baf1a28",
	"9ca5c19c-f232-4fcc-abd0-3e556dc22984",
	"00000000-0000-0000-0000-000000000000");
INSERT INTO SM_SEME
	VALUES ("188a96e4-0d11-4735-a236-f002abb7736b",
	"baa51ef5-e612-4170-8ca8-91294f604040",
	"9ca5c19c-f232-4fcc-abd0-3e556dc22984",
	"00000000-0000-0000-0000-000000000000");
INSERT INTO SM_CH
	VALUES ("188a96e4-0d11-4735-a236-f002abb7736b",
	"4faad3b0-9e13-40be-8ed8-b00524179f25",
	"9ca5c19c-f232-4fcc-abd0-3e556dc22984",
	"00000000-0000-0000-0000-000000000000",
	'');
INSERT INTO SM_SEME
	VALUES ("188a96e4-0d11-4735-a236-f002abb7736b",
	"4faad3b0-9e13-40be-8ed8-b00524179f25",
	"9ca5c19c-f232-4fcc-abd0-3e556dc22984",
	"00000000-0000-0000-0000-000000000000");
INSERT INTO SM_CH
	VALUES ("188a96e4-0d11-4735-a236-f002abb7736b",
	"c664e6c7-072d-4366-9680-a80f8489a001",
	"9ca5c19c-f232-4fcc-abd0-3e556dc22984",
	"00000000-0000-0000-0000-000000000000",
	'');
INSERT INTO SM_SEME
	VALUES ("188a96e4-0d11-4735-a236-f002abb7736b",
	"c664e6c7-072d-4366-9680-a80f8489a001",
	"9ca5c19c-f232-4fcc-abd0-3e556dc22984",
	"00000000-0000-0000-0000-000000000000");
INSERT INTO SM_CH
	VALUES ("188a96e4-0d11-4735-a236-f002abb7736b",
	"94ccc537-cc61-4393-93c5-36f8639d10f7",
	"9ca5c19c-f232-4fcc-abd0-3e556dc22984",
	"00000000-0000-0000-0000-000000000000",
	'');
INSERT INTO SM_SEME
	VALUES ("188a96e4-0d11-4735-a236-f002abb7736b",
	"94ccc537-cc61-4393-93c5-36f8639d10f7",
	"9ca5c19c-f232-4fcc-abd0-3e556dc22984",
	"00000000-0000-0000-0000-000000000000");
INSERT INTO SM_CH
	VALUES ("188a96e4-0d11-4735-a236-f002abb7736b",
	"ea1494d4-6126-4bfa-8e9f-cf9e30b866e1",
	"9ca5c19c-f232-4fcc-abd0-3e556dc22984",
	"00000000-0000-0000-0000-000000000000",
	'');
INSERT INTO SM_SEME
	VALUES ("188a96e4-0d11-4735-a236-f002abb7736b",
	"ea1494d4-6126-4bfa-8e9f-cf9e30b866e1",
	"9ca5c19c-f232-4fcc-abd0-3e556dc22984",
	"00000000-0000-0000-0000-000000000000");
INSERT INTO SM_CH
	VALUES ("188a96e4-0d11-4735-a236-f002abb7736b",
	"925497bb-ef7d-4034-8561-783139dcb795",
	"9ca5c19c-f232-4fcc-abd0-3e556dc22984",
	"00000000-0000-0000-0000-000000000000",
	'');
INSERT INTO SM_SEME
	VALUES ("188a96e4-0d11-4735-a236-f002abb7736b",
	"925497bb-ef7d-4034-8561-783139dcb795",
	"9ca5c19c-f232-4fcc-abd0-3e556dc22984",
	"00000000-0000-0000-0000-000000000000");
INSERT INTO SM_CH
	VALUES ("188a96e4-0d11-4735-a236-f002abb7736b",
	"d50db7fe-a16b-4165-b400-eb4ed206acf8",
	"9ca5c19c-f232-4fcc-abd0-3e556dc22984",
	"00000000-0000-0000-0000-000000000000",
	'');
INSERT INTO SM_SEME
	VALUES ("188a96e4-0d11-4735-a236-f002abb7736b",
	"d50db7fe-a16b-4165-b400-eb4ed206acf8",
	"9ca5c19c-f232-4fcc-abd0-3e556dc22984",
	"00000000-0000-0000-0000-000000000000");
INSERT INTO SM_MOAH
	VALUES ("addf0e0b-01a8-4659-af42-55fba1f2a859",
	"9ca5c19c-f232-4fcc-abd0-3e556dc22984",
	"188a96e4-0d11-4735-a236-f002abb7736b");
INSERT INTO SM_AH
	VALUES ("addf0e0b-01a8-4659-af42-55fba1f2a859",
	"9ca5c19c-f232-4fcc-abd0-3e556dc22984");
INSERT INTO SM_ACT
	VALUES ("addf0e0b-01a8-4659-af42-55fba1f2a859",
	"9ca5c19c-f232-4fcc-abd0-3e556dc22984",
	1,
	'// open ticket slot to allow user to enter ticket
if(not self.IsTicketSlotOpen)
	self.IsTicketSlotOpen=true;
end if;
',
	'',
	0);
INSERT INTO ACT_SAB
	VALUES ("539eb6e3-761f-44ae-8b6e-92df0a1585dd",
	"9ca5c19c-f232-4fcc-abd0-3e556dc22984",
	"addf0e0b-01a8-4659-af42-55fba1f2a859");
INSERT INTO ACT_ACT
	VALUES ("539eb6e3-761f-44ae-8b6e-92df0a1585dd",
	'state',
	0,
	"d90468e4-1988-40e1-8e1f-b091c29b46d8",
	"00000000-0000-0000-0000-000000000000",
	0,
	'PaymentMachine::Waiting for Ticket',
	"00000000-0000-0000-0000-000000000000");
INSERT INTO ACT_BLK
	VALUES ("d90468e4-1988-40e1-8e1f-b091c29b46d8",
	0,
	0,
	0,
	'',
	'',
	'',
	2,
	1,
	0,
	0,
	0,
	0,
	0,
	0,
	0,
	0,
	0,
	0,
	0,
	"539eb6e3-761f-44ae-8b6e-92df0a1585dd",
	"00000000-0000-0000-0000-000000000000");
INSERT INTO ACT_SMT
	VALUES ("34cfbf36-1d42-4e42-932b-a0be3820ee7b",
	"d90468e4-1988-40e1-8e1f-b091c29b46d8",
	"00000000-0000-0000-0000-000000000000",
	2,
	1,
	'PaymentMachine::Waiting for Ticket line: 2');
INSERT INTO ACT_IF
	VALUES ("34cfbf36-1d42-4e42-932b-a0be3820ee7b",
	"f83e6b16-8958-4661-8436-a55b377455c6",
	"54ecb1a9-c43f-4828-b873-cd400f4cfd97",
	"00000000-0000-0000-0000-000000000000",
	"00000000-0000-0000-0000-000000000000");
INSERT INTO V_VAL
	VALUES ("d758267a-c985-4d12-84eb-6410f465e591",
	0,
	0,
	2,
	8,
	11,
	0,
	0,
	0,
	0,
	"ba5eda7a-def5-0000-0000-000000000008",
	"d90468e4-1988-40e1-8e1f-b091c29b46d8");
INSERT INTO V_IRF
	VALUES ("d758267a-c985-4d12-84eb-6410f465e591",
	"f2581e35-e50d-4872-a66a-3e0916a1c99f");
INSERT INTO V_VAL
	VALUES ("14d552d5-8f21-4365-ae3b-9189308a287c",
	0,
	0,
	2,
	13,
	28,
	0,
	0,
	0,
	0,
	"ba5eda7a-def5-0000-0000-000000000001",
	"d90468e4-1988-40e1-8e1f-b091c29b46d8");
INSERT INTO V_AVL
	VALUES ("14d552d5-8f21-4365-ae3b-9189308a287c",
	"d758267a-c985-4d12-84eb-6410f465e591",
	"0115173d-5d99-47c7-8f26-a50a77b9753b",
	"12f74256-ffbe-468a-b189-308115c4bcf3");
INSERT INTO V_VAL
	VALUES ("54ecb1a9-c43f-4828-b873-cd400f4cfd97",
	0,
	0,
	-1,
	-1,
	-1,
	0,
	0,
	0,
	0,
	"ba5eda7a-def5-0000-0000-000000000001",
	"d90468e4-1988-40e1-8e1f-b091c29b46d8");
INSERT INTO V_UNY
	VALUES ("54ecb1a9-c43f-4828-b873-cd400f4cfd97",
	"14d552d5-8f21-4365-ae3b-9189308a287c",
	'not');
INSERT INTO V_VAR
	VALUES ("f2581e35-e50d-4872-a66a-3e0916a1c99f",
	"d90468e4-1988-40e1-8e1f-b091c29b46d8",
	'self',
	1,
	"ba5eda7a-def5-0000-0000-000000000008");
INSERT INTO V_INT
	VALUES ("f2581e35-e50d-4872-a66a-3e0916a1c99f",
	0,
	"0115173d-5d99-47c7-8f26-a50a77b9753b");
INSERT INTO ACT_BLK
	VALUES ("f83e6b16-8958-4661-8436-a55b377455c6",
	0,
	0,
	0,
	'',
	'',
	'',
	3,
	2,
	0,
	0,
	0,
	0,
	0,
	0,
	0,
	0,
	0,
	0,
	0,
	"539eb6e3-761f-44ae-8b6e-92df0a1585dd",
	"00000000-0000-0000-0000-000000000000");
INSERT INTO ACT_SMT
	VALUES ("71b2548f-312e-4aed-a53f-9f1b7a44b594",
	"f83e6b16-8958-4661-8436-a55b377455c6",
	"00000000-0000-0000-0000-000000000000",
	3,
	2,
	'PaymentMachine::Waiting for Ticket line: 3');
INSERT INTO ACT_AI
	VALUES ("71b2548f-312e-4aed-a53f-9f1b7a44b594",
	"6b0de86c-23e1-4334-af6f-b94c58223163",
	"0e585c7a-10e9-4a4f-b7cc-c195c133421f",
	0,
	0);
INSERT INTO V_VAL
	VALUES ("bcaa4a1c-150a-440a-be52-e70f7fc939b1",
	1,
	0,
	3,
	2,
	5,
	0,
	0,
	0,
	0,
	"ba5eda7a-def5-0000-0000-000000000008",
	"f83e6b16-8958-4661-8436-a55b377455c6");
INSERT INTO V_IRF
	VALUES ("bcaa4a1c-150a-440a-be52-e70f7fc939b1",
	"f2581e35-e50d-4872-a66a-3e0916a1c99f");
INSERT INTO V_VAL
	VALUES ("0e585c7a-10e9-4a4f-b7cc-c195c133421f",
	1,
	0,
	3,
	7,
	22,
	0,
	0,
	0,
	0,
	"ba5eda7a-def5-0000-0000-000000000001",
	"f83e6b16-8958-4661-8436-a55b377455c6");
INSERT INTO V_AVL
	VALUES ("0e585c7a-10e9-4a4f-b7cc-c195c133421f",
	"bcaa4a1c-150a-440a-be52-e70f7fc939b1",
	"0115173d-5d99-47c7-8f26-a50a77b9753b",
	"12f74256-ffbe-468a-b189-308115c4bcf3");
INSERT INTO V_VAL
	VALUES ("6b0de86c-23e1-4334-af6f-b94c58223163",
	0,
	0,
	-1,
	-1,
	-1,
	0,
	0,
	0,
	0,
	"ba5eda7a-def5-0000-0000-000000000001",
	"f83e6b16-8958-4661-8436-a55b377455c6");
INSERT INTO V_LBO
	VALUES ("6b0de86c-23e1-4334-af6f-b94c58223163",
	'TRUE');
INSERT INTO SM_STATE
	VALUES ("ad8228c7-552d-40aa-b70a-967fa2beec26",
	"9ca5c19c-f232-4fcc-abd0-3e556dc22984",
	"00000000-0000-0000-0000-000000000000",
	'Cancel Transaction',
	4,
	0);
INSERT INTO SM_CH
	VALUES ("ad8228c7-552d-40aa-b70a-967fa2beec26",
	"dc78f742-0603-4f83-8e83-13a01fc5bfed",
	"9ca5c19c-f232-4fcc-abd0-3e556dc22984",
	"00000000-0000-0000-0000-000000000000",
	'');
INSERT INTO SM_SEME
	VALUES ("ad8228c7-552d-40aa-b70a-967fa2beec26",
	"dc78f742-0603-4f83-8e83-13a01fc5bfed",
	"9ca5c19c-f232-4fcc-abd0-3e556dc22984",
	"00000000-0000-0000-0000-000000000000");
INSERT INTO SM_CH
	VALUES ("ad8228c7-552d-40aa-b70a-967fa2beec26",
	"1b6b5ef5-d13f-401a-8035-f11b81e858f7",
	"9ca5c19c-f232-4fcc-abd0-3e556dc22984",
	"00000000-0000-0000-0000-000000000000",
	'');
INSERT INTO SM_SEME
	VALUES ("ad8228c7-552d-40aa-b70a-967fa2beec26",
	"1b6b5ef5-d13f-401a-8035-f11b81e858f7",
	"9ca5c19c-f232-4fcc-abd0-3e556dc22984",
	"00000000-0000-0000-0000-000000000000");
INSERT INTO SM_CH
	VALUES ("ad8228c7-552d-40aa-b70a-967fa2beec26",
	"ab1bd482-2474-43d3-8fd5-68232585b8c8",
	"9ca5c19c-f232-4fcc-abd0-3e556dc22984",
	"00000000-0000-0000-0000-000000000000",
	'');
INSERT INTO SM_SEME
	VALUES ("ad8228c7-552d-40aa-b70a-967fa2beec26",
	"ab1bd482-2474-43d3-8fd5-68232585b8c8",
	"9ca5c19c-f232-4fcc-abd0-3e556dc22984",
	"00000000-0000-0000-0000-000000000000");
INSERT INTO SM_CH
	VALUES ("ad8228c7-552d-40aa-b70a-967fa2beec26",
	"d935a083-8245-473b-aeb3-48ec0baf1a28",
	"9ca5c19c-f232-4fcc-abd0-3e556dc22984",
	"00000000-0000-0000-0000-000000000000",
	'');
INSERT INTO SM_SEME
	VALUES ("ad8228c7-552d-40aa-b70a-967fa2beec26",
	"d935a083-8245-473b-aeb3-48ec0baf1a28",
	"9ca5c19c-f232-4fcc-abd0-3e556dc22984",
	"00000000-0000-0000-0000-000000000000");
INSERT INTO SM_CH
	VALUES ("ad8228c7-552d-40aa-b70a-967fa2beec26",
	"baa51ef5-e612-4170-8ca8-91294f604040",
	"9ca5c19c-f232-4fcc-abd0-3e556dc22984",
	"00000000-0000-0000-0000-000000000000",
	'');
INSERT INTO SM_SEME
	VALUES ("ad8228c7-552d-40aa-b70a-967fa2beec26",
	"baa51ef5-e612-4170-8ca8-91294f604040",
	"9ca5c19c-f232-4fcc-abd0-3e556dc22984",
	"00000000-0000-0000-0000-000000000000");
INSERT INTO SM_SEME
	VALUES ("ad8228c7-552d-40aa-b70a-967fa2beec26",
	"4faad3b0-9e13-40be-8ed8-b00524179f25",
	"9ca5c19c-f232-4fcc-abd0-3e556dc22984",
	"00000000-0000-0000-0000-000000000000");
INSERT INTO SM_CH
	VALUES ("ad8228c7-552d-40aa-b70a-967fa2beec26",
	"c664e6c7-072d-4366-9680-a80f8489a001",
	"9ca5c19c-f232-4fcc-abd0-3e556dc22984",
	"00000000-0000-0000-0000-000000000000",
	'');
INSERT INTO SM_SEME
	VALUES ("ad8228c7-552d-40aa-b70a-967fa2beec26",
	"c664e6c7-072d-4366-9680-a80f8489a001",
	"9ca5c19c-f232-4fcc-abd0-3e556dc22984",
	"00000000-0000-0000-0000-000000000000");
INSERT INTO SM_CH
	VALUES ("ad8228c7-552d-40aa-b70a-967fa2beec26",
	"94ccc537-cc61-4393-93c5-36f8639d10f7",
	"9ca5c19c-f232-4fcc-abd0-3e556dc22984",
	"00000000-0000-0000-0000-000000000000",
	'');
INSERT INTO SM_SEME
	VALUES ("ad8228c7-552d-40aa-b70a-967fa2beec26",
	"94ccc537-cc61-4393-93c5-36f8639d10f7",
	"9ca5c19c-f232-4fcc-abd0-3e556dc22984",
	"00000000-0000-0000-0000-000000000000");
INSERT INTO SM_CH
	VALUES ("ad8228c7-552d-40aa-b70a-967fa2beec26",
	"ea1494d4-6126-4bfa-8e9f-cf9e30b866e1",
	"9ca5c19c-f232-4fcc-abd0-3e556dc22984",
	"00000000-0000-0000-0000-000000000000",
	'');
INSERT INTO SM_SEME
	VALUES ("ad8228c7-552d-40aa-b70a-967fa2beec26",
	"ea1494d4-6126-4bfa-8e9f-cf9e30b866e1",
	"9ca5c19c-f232-4fcc-abd0-3e556dc22984",
	"00000000-0000-0000-0000-000000000000");
INSERT INTO SM_CH
	VALUES ("ad8228c7-552d-40aa-b70a-967fa2beec26",
	"925497bb-ef7d-4034-8561-783139dcb795",
	"9ca5c19c-f232-4fcc-abd0-3e556dc22984",
	"00000000-0000-0000-0000-000000000000",
	'');
INSERT INTO SM_SEME
	VALUES ("ad8228c7-552d-40aa-b70a-967fa2beec26",
	"925497bb-ef7d-4034-8561-783139dcb795",
	"9ca5c19c-f232-4fcc-abd0-3e556dc22984",
	"00000000-0000-0000-0000-000000000000");
INSERT INTO SM_CH
	VALUES ("ad8228c7-552d-40aa-b70a-967fa2beec26",
	"d50db7fe-a16b-4165-b400-eb4ed206acf8",
	"9ca5c19c-f232-4fcc-abd0-3e556dc22984",
	"00000000-0000-0000-0000-000000000000",
	'');
INSERT INTO SM_SEME
	VALUES ("ad8228c7-552d-40aa-b70a-967fa2beec26",
	"d50db7fe-a16b-4165-b400-eb4ed206acf8",
	"9ca5c19c-f232-4fcc-abd0-3e556dc22984",
	"00000000-0000-0000-0000-000000000000");
INSERT INTO SM_MOAH
	VALUES ("00398928-dfb9-427c-896d-89fa87f8c666",
	"9ca5c19c-f232-4fcc-abd0-3e556dc22984",
	"ad8228c7-552d-40aa-b70a-967fa2beec26");
INSERT INTO SM_AH
	VALUES ("00398928-dfb9-427c-896d-89fa87f8c666",
	"9ca5c19c-f232-4fcc-abd0-3e556dc22984");
INSERT INTO SM_ACT
	VALUES ("00398928-dfb9-427c-896d-89fa87f8c666",
	"9ca5c19c-f232-4fcc-abd0-3e556dc22984",
	1,
	'//Close currency slot to prevent the user from inserting more money while the transaction is being canceled. 
//return inserted amount to the user
//return ticket  

/*CloseCurrencySlot() 
ReturnMoney(InsertedAmount:real)
ReturnTicket() */',
	'',
	0);
INSERT INTO ACT_SAB
	VALUES ("ed864c7a-6936-46e5-8124-4b00c6518051",
	"9ca5c19c-f232-4fcc-abd0-3e556dc22984",
	"00398928-dfb9-427c-896d-89fa87f8c666");
INSERT INTO ACT_ACT
	VALUES ("ed864c7a-6936-46e5-8124-4b00c6518051",
	'state',
	0,
	"c7288c84-38c1-45e2-84c3-6902b91e463a",
	"00000000-0000-0000-0000-000000000000",
	0,
	'PaymentMachine::Cancel Transaction',
	"00000000-0000-0000-0000-000000000000");
INSERT INTO ACT_BLK
	VALUES ("c7288c84-38c1-45e2-84c3-6902b91e463a",
	0,
	0,
	0,
	'',
	'',
	'',
	0,
	0,
	0,
	0,
	0,
	0,
	0,
	0,
	0,
	0,
	0,
	0,
	0,
	"ed864c7a-6936-46e5-8124-4b00c6518051",
	"00000000-0000-0000-0000-000000000000");
INSERT INTO SM_STATE
	VALUES ("0f84b39e-cf41-46d9-94f6-8ca2e3db4d9b",
	"9ca5c19c-f232-4fcc-abd0-3e556dc22984",
	"00000000-0000-0000-0000-000000000000",
	'Check Currency',
	5,
	0);
INSERT INTO SM_CH
	VALUES ("0f84b39e-cf41-46d9-94f6-8ca2e3db4d9b",
	"baa51ef5-e612-4170-8ca8-91294f604040",
	"9ca5c19c-f232-4fcc-abd0-3e556dc22984",
	"00000000-0000-0000-0000-000000000000",
	'');
INSERT INTO SM_SEME
	VALUES ("0f84b39e-cf41-46d9-94f6-8ca2e3db4d9b",
	"baa51ef5-e612-4170-8ca8-91294f604040",
	"9ca5c19c-f232-4fcc-abd0-3e556dc22984",
	"00000000-0000-0000-0000-000000000000");
INSERT INTO SM_CH
	VALUES ("0f84b39e-cf41-46d9-94f6-8ca2e3db4d9b",
	"4faad3b0-9e13-40be-8ed8-b00524179f25",
	"9ca5c19c-f232-4fcc-abd0-3e556dc22984",
	"00000000-0000-0000-0000-000000000000",
	'');
INSERT INTO SM_SEME
	VALUES ("0f84b39e-cf41-46d9-94f6-8ca2e3db4d9b",
	"4faad3b0-9e13-40be-8ed8-b00524179f25",
	"9ca5c19c-f232-4fcc-abd0-3e556dc22984",
	"00000000-0000-0000-0000-000000000000");
INSERT INTO SM_CH
	VALUES ("0f84b39e-cf41-46d9-94f6-8ca2e3db4d9b",
	"c664e6c7-072d-4366-9680-a80f8489a001",
	"9ca5c19c-f232-4fcc-abd0-3e556dc22984",
	"00000000-0000-0000-0000-000000000000",
	'');
INSERT INTO SM_SEME
	VALUES ("0f84b39e-cf41-46d9-94f6-8ca2e3db4d9b",
	"c664e6c7-072d-4366-9680-a80f8489a001",
	"9ca5c19c-f232-4fcc-abd0-3e556dc22984",
	"00000000-0000-0000-0000-000000000000");
INSERT INTO SM_CH
	VALUES ("0f84b39e-cf41-46d9-94f6-8ca2e3db4d9b",
	"94ccc537-cc61-4393-93c5-36f8639d10f7",
	"9ca5c19c-f232-4fcc-abd0-3e556dc22984",
	"00000000-0000-0000-0000-000000000000",
	'');
INSERT INTO SM_SEME
	VALUES ("0f84b39e-cf41-46d9-94f6-8ca2e3db4d9b",
	"94ccc537-cc61-4393-93c5-36f8639d10f7",
	"9ca5c19c-f232-4fcc-abd0-3e556dc22984",
	"00000000-0000-0000-0000-000000000000");
INSERT INTO SM_CH
	VALUES ("0f84b39e-cf41-46d9-94f6-8ca2e3db4d9b",
	"ea1494d4-6126-4bfa-8e9f-cf9e30b866e1",
	"9ca5c19c-f232-4fcc-abd0-3e556dc22984",
	"00000000-0000-0000-0000-000000000000",
	'');
INSERT INTO SM_SEME
	VALUES ("0f84b39e-cf41-46d9-94f6-8ca2e3db4d9b",
	"ea1494d4-6126-4bfa-8e9f-cf9e30b866e1",
	"9ca5c19c-f232-4fcc-abd0-3e556dc22984",
	"00000000-0000-0000-0000-000000000000");
INSERT INTO SM_CH
	VALUES ("0f84b39e-cf41-46d9-94f6-8ca2e3db4d9b",
	"925497bb-ef7d-4034-8561-783139dcb795",
	"9ca5c19c-f232-4fcc-abd0-3e556dc22984",
	"00000000-0000-0000-0000-000000000000",
	'');
INSERT INTO SM_SEME
	VALUES ("0f84b39e-cf41-46d9-94f6-8ca2e3db4d9b",
	"925497bb-ef7d-4034-8561-783139dcb795",
	"9ca5c19c-f232-4fcc-abd0-3e556dc22984",
	"00000000-0000-0000-0000-000000000000");
INSERT INTO SM_CH
	VALUES ("0f84b39e-cf41-46d9-94f6-8ca2e3db4d9b",
	"d50db7fe-a16b-4165-b400-eb4ed206acf8",
	"9ca5c19c-f232-4fcc-abd0-3e556dc22984",
	"00000000-0000-0000-0000-000000000000",
	'');
INSERT INTO SM_SEME
	VALUES ("0f84b39e-cf41-46d9-94f6-8ca2e3db4d9b",
	"d50db7fe-a16b-4165-b400-eb4ed206acf8",
	"9ca5c19c-f232-4fcc-abd0-3e556dc22984",
	"00000000-0000-0000-0000-000000000000");
INSERT INTO SM_CH
	VALUES ("0f84b39e-cf41-46d9-94f6-8ca2e3db4d9b",
	"dc78f742-0603-4f83-8e83-13a01fc5bfed",
	"9ca5c19c-f232-4fcc-abd0-3e556dc22984",
	"00000000-0000-0000-0000-000000000000",
	'');
INSERT INTO SM_SEME
	VALUES ("0f84b39e-cf41-46d9-94f6-8ca2e3db4d9b",
	"dc78f742-0603-4f83-8e83-13a01fc5bfed",
	"9ca5c19c-f232-4fcc-abd0-3e556dc22984",
	"00000000-0000-0000-0000-000000000000");
INSERT INTO SM_CH
	VALUES ("0f84b39e-cf41-46d9-94f6-8ca2e3db4d9b",
	"1b6b5ef5-d13f-401a-8035-f11b81e858f7",
	"9ca5c19c-f232-4fcc-abd0-3e556dc22984",
	"00000000-0000-0000-0000-000000000000",
	'');
INSERT INTO SM_SEME
	VALUES ("0f84b39e-cf41-46d9-94f6-8ca2e3db4d9b",
	"1b6b5ef5-d13f-401a-8035-f11b81e858f7",
	"9ca5c19c-f232-4fcc-abd0-3e556dc22984",
	"00000000-0000-0000-0000-000000000000");
INSERT INTO SM_CH
	VALUES ("0f84b39e-cf41-46d9-94f6-8ca2e3db4d9b",
	"ab1bd482-2474-43d3-8fd5-68232585b8c8",
	"9ca5c19c-f232-4fcc-abd0-3e556dc22984",
	"00000000-0000-0000-0000-000000000000",
	'');
INSERT INTO SM_SEME
	VALUES ("0f84b39e-cf41-46d9-94f6-8ca2e3db4d9b",
	"ab1bd482-2474-43d3-8fd5-68232585b8c8",
	"9ca5c19c-f232-4fcc-abd0-3e556dc22984",
	"00000000-0000-0000-0000-000000000000");
INSERT INTO SM_CH
	VALUES ("0f84b39e-cf41-46d9-94f6-8ca2e3db4d9b",
	"d935a083-8245-473b-aeb3-48ec0baf1a28",
	"9ca5c19c-f232-4fcc-abd0-3e556dc22984",
	"00000000-0000-0000-0000-000000000000",
	'');
INSERT INTO SM_SEME
	VALUES ("0f84b39e-cf41-46d9-94f6-8ca2e3db4d9b",
	"d935a083-8245-473b-aeb3-48ec0baf1a28",
	"9ca5c19c-f232-4fcc-abd0-3e556dc22984",
	"00000000-0000-0000-0000-000000000000");
INSERT INTO SM_MOAH
	VALUES ("9229a8f8-5939-4906-b2c4-284a6edd029f",
	"9ca5c19c-f232-4fcc-abd0-3e556dc22984",
	"0f84b39e-cf41-46d9-94f6-8ca2e3db4d9b");
INSERT INTO SM_AH
	VALUES ("9229a8f8-5939-4906-b2c4-284a6edd029f",
	"9ca5c19c-f232-4fcc-abd0-3e556dc22984");
INSERT INTO SM_ACT
	VALUES ("9229a8f8-5939-4906-b2c4-284a6edd029f",
	"9ca5c19c-f232-4fcc-abd0-3e556dc22984",
	1,
	'//Cancel the timer
//Reject the inserted currency if it is not money or damaged or not the required currency.
//return  inserted currency
//Accept the inserted currency if not damged and the required currancy.

/*IsAccepted():boolean*/
',
	'',
	0);
INSERT INTO ACT_SAB
	VALUES ("31925813-0f61-411b-9e24-a56f75c79e01",
	"9ca5c19c-f232-4fcc-abd0-3e556dc22984",
	"9229a8f8-5939-4906-b2c4-284a6edd029f");
INSERT INTO ACT_ACT
	VALUES ("31925813-0f61-411b-9e24-a56f75c79e01",
	'state',
	0,
	"8fe3eb71-0886-4bb6-bde8-4cd2086f5ace",
	"00000000-0000-0000-0000-000000000000",
	0,
	'PaymentMachine::Check Currency',
	"00000000-0000-0000-0000-000000000000");
INSERT INTO ACT_BLK
	VALUES ("8fe3eb71-0886-4bb6-bde8-4cd2086f5ace",
	0,
	0,
	0,
	'',
	'',
	'',
	0,
	0,
	0,
	0,
	0,
	0,
	0,
	0,
	0,
	0,
	0,
	0,
	0,
	"31925813-0f61-411b-9e24-a56f75c79e01",
	"00000000-0000-0000-0000-000000000000");
INSERT INTO SM_STATE
	VALUES ("8d799fbc-f992-498f-8e44-6bab0efef149",
	"9ca5c19c-f232-4fcc-abd0-3e556dc22984",
	"00000000-0000-0000-0000-000000000000",
	'Currency Inserted',
	6,
	0);
INSERT INTO SM_CH
	VALUES ("8d799fbc-f992-498f-8e44-6bab0efef149",
	"baa51ef5-e612-4170-8ca8-91294f604040",
	"9ca5c19c-f232-4fcc-abd0-3e556dc22984",
	"00000000-0000-0000-0000-000000000000",
	'');
INSERT INTO SM_SEME
	VALUES ("8d799fbc-f992-498f-8e44-6bab0efef149",
	"baa51ef5-e612-4170-8ca8-91294f604040",
	"9ca5c19c-f232-4fcc-abd0-3e556dc22984",
	"00000000-0000-0000-0000-000000000000");
INSERT INTO SM_CH
	VALUES ("8d799fbc-f992-498f-8e44-6bab0efef149",
	"4faad3b0-9e13-40be-8ed8-b00524179f25",
	"9ca5c19c-f232-4fcc-abd0-3e556dc22984",
	"00000000-0000-0000-0000-000000000000",
	'');
INSERT INTO SM_SEME
	VALUES ("8d799fbc-f992-498f-8e44-6bab0efef149",
	"4faad3b0-9e13-40be-8ed8-b00524179f25",
	"9ca5c19c-f232-4fcc-abd0-3e556dc22984",
	"00000000-0000-0000-0000-000000000000");
INSERT INTO SM_CH
	VALUES ("8d799fbc-f992-498f-8e44-6bab0efef149",
	"c664e6c7-072d-4366-9680-a80f8489a001",
	"9ca5c19c-f232-4fcc-abd0-3e556dc22984",
	"00000000-0000-0000-0000-000000000000",
	'');
INSERT INTO SM_SEME
	VALUES ("8d799fbc-f992-498f-8e44-6bab0efef149",
	"c664e6c7-072d-4366-9680-a80f8489a001",
	"9ca5c19c-f232-4fcc-abd0-3e556dc22984",
	"00000000-0000-0000-0000-000000000000");
INSERT INTO SM_CH
	VALUES ("8d799fbc-f992-498f-8e44-6bab0efef149",
	"94ccc537-cc61-4393-93c5-36f8639d10f7",
	"9ca5c19c-f232-4fcc-abd0-3e556dc22984",
	"00000000-0000-0000-0000-000000000000",
	'');
INSERT INTO SM_SEME
	VALUES ("8d799fbc-f992-498f-8e44-6bab0efef149",
	"94ccc537-cc61-4393-93c5-36f8639d10f7",
	"9ca5c19c-f232-4fcc-abd0-3e556dc22984",
	"00000000-0000-0000-0000-000000000000");
INSERT INTO SM_CH
	VALUES ("8d799fbc-f992-498f-8e44-6bab0efef149",
	"ea1494d4-6126-4bfa-8e9f-cf9e30b866e1",
	"9ca5c19c-f232-4fcc-abd0-3e556dc22984",
	"00000000-0000-0000-0000-000000000000",
	'');
INSERT INTO SM_SEME
	VALUES ("8d799fbc-f992-498f-8e44-6bab0efef149",
	"ea1494d4-6126-4bfa-8e9f-cf9e30b866e1",
	"9ca5c19c-f232-4fcc-abd0-3e556dc22984",
	"00000000-0000-0000-0000-000000000000");
INSERT INTO SM_CH
	VALUES ("8d799fbc-f992-498f-8e44-6bab0efef149",
	"925497bb-ef7d-4034-8561-783139dcb795",
	"9ca5c19c-f232-4fcc-abd0-3e556dc22984",
	"00000000-0000-0000-0000-000000000000",
	'');
INSERT INTO SM_SEME
	VALUES ("8d799fbc-f992-498f-8e44-6bab0efef149",
	"925497bb-ef7d-4034-8561-783139dcb795",
	"9ca5c19c-f232-4fcc-abd0-3e556dc22984",
	"00000000-0000-0000-0000-000000000000");
INSERT INTO SM_SEME
	VALUES ("8d799fbc-f992-498f-8e44-6bab0efef149",
	"d50db7fe-a16b-4165-b400-eb4ed206acf8",
	"9ca5c19c-f232-4fcc-abd0-3e556dc22984",
	"00000000-0000-0000-0000-000000000000");
INSERT INTO SM_SEME
	VALUES ("8d799fbc-f992-498f-8e44-6bab0efef149",
	"dc78f742-0603-4f83-8e83-13a01fc5bfed",
	"9ca5c19c-f232-4fcc-abd0-3e556dc22984",
	"00000000-0000-0000-0000-000000000000");
INSERT INTO SM_SEME
	VALUES ("8d799fbc-f992-498f-8e44-6bab0efef149",
	"1b6b5ef5-d13f-401a-8035-f11b81e858f7",
	"9ca5c19c-f232-4fcc-abd0-3e556dc22984",
	"00000000-0000-0000-0000-000000000000");
INSERT INTO SM_CH
	VALUES ("8d799fbc-f992-498f-8e44-6bab0efef149",
	"ab1bd482-2474-43d3-8fd5-68232585b8c8",
	"9ca5c19c-f232-4fcc-abd0-3e556dc22984",
	"00000000-0000-0000-0000-000000000000",
	'');
INSERT INTO SM_SEME
	VALUES ("8d799fbc-f992-498f-8e44-6bab0efef149",
	"ab1bd482-2474-43d3-8fd5-68232585b8c8",
	"9ca5c19c-f232-4fcc-abd0-3e556dc22984",
	"00000000-0000-0000-0000-000000000000");
INSERT INTO SM_SEME
	VALUES ("8d799fbc-f992-498f-8e44-6bab0efef149",
	"d935a083-8245-473b-aeb3-48ec0baf1a28",
	"9ca5c19c-f232-4fcc-abd0-3e556dc22984",
	"00000000-0000-0000-0000-000000000000");
INSERT INTO SM_MOAH
	VALUES ("eb5b3378-aa98-4335-bf84-81d328f69e0b",
	"9ca5c19c-f232-4fcc-abd0-3e556dc22984",
	"8d799fbc-f992-498f-8e44-6bab0efef149");
INSERT INTO SM_AH
	VALUES ("eb5b3378-aa98-4335-bf84-81d328f69e0b",
	"9ca5c19c-f232-4fcc-abd0-3e556dc22984");
INSERT INTO SM_ACT
	VALUES ("eb5b3378-aa98-4335-bf84-81d328f69e0b",
	"9ca5c19c-f232-4fcc-abd0-3e556dc22984",
	1,
	'//Close the currency slot to prevent the user form entering more money.
//CalculateCurrency(InsertedAmount:real,Fee:real)
//Calculate if the currency is less or eqaul or more than the reqried fee.
// if the currency is More then the reqried fee check if the machine has available change to return to the user.
/*CloseCurrencySlot()*/',
	'',
	0);
INSERT INTO ACT_SAB
	VALUES ("facd6638-a549-4368-9773-5a74bb33ba1c",
	"9ca5c19c-f232-4fcc-abd0-3e556dc22984",
	"eb5b3378-aa98-4335-bf84-81d328f69e0b");
INSERT INTO ACT_ACT
	VALUES ("facd6638-a549-4368-9773-5a74bb33ba1c",
	'state',
	0,
	"9c81ab0b-5677-4f84-9917-74cfc0d49da9",
	"00000000-0000-0000-0000-000000000000",
	0,
	'PaymentMachine::Currency Inserted',
	"00000000-0000-0000-0000-000000000000");
INSERT INTO ACT_BLK
	VALUES ("9c81ab0b-5677-4f84-9917-74cfc0d49da9",
	0,
	0,
	0,
	'',
	'',
	'',
	0,
	0,
	0,
	0,
	0,
	0,
	0,
	0,
	0,
	0,
	0,
	0,
	0,
	"facd6638-a549-4368-9773-5a74bb33ba1c",
	"00000000-0000-0000-0000-000000000000");
INSERT INTO SM_STATE
	VALUES ("8b271aeb-2436-4e47-9c01-fa02de47746c",
	"9ca5c19c-f232-4fcc-abd0-3e556dc22984",
	"00000000-0000-0000-0000-000000000000",
	'OverPayment',
	9,
	0);
INSERT INTO SM_CH
	VALUES ("8b271aeb-2436-4e47-9c01-fa02de47746c",
	"baa51ef5-e612-4170-8ca8-91294f604040",
	"9ca5c19c-f232-4fcc-abd0-3e556dc22984",
	"00000000-0000-0000-0000-000000000000",
	'');
INSERT INTO SM_SEME
	VALUES ("8b271aeb-2436-4e47-9c01-fa02de47746c",
	"baa51ef5-e612-4170-8ca8-91294f604040",
	"9ca5c19c-f232-4fcc-abd0-3e556dc22984",
	"00000000-0000-0000-0000-000000000000");
INSERT INTO SM_CH
	VALUES ("8b271aeb-2436-4e47-9c01-fa02de47746c",
	"4faad3b0-9e13-40be-8ed8-b00524179f25",
	"9ca5c19c-f232-4fcc-abd0-3e556dc22984",
	"00000000-0000-0000-0000-000000000000",
	'');
INSERT INTO SM_SEME
	VALUES ("8b271aeb-2436-4e47-9c01-fa02de47746c",
	"4faad3b0-9e13-40be-8ed8-b00524179f25",
	"9ca5c19c-f232-4fcc-abd0-3e556dc22984",
	"00000000-0000-0000-0000-000000000000");
INSERT INTO SM_CH
	VALUES ("8b271aeb-2436-4e47-9c01-fa02de47746c",
	"c664e6c7-072d-4366-9680-a80f8489a001",
	"9ca5c19c-f232-4fcc-abd0-3e556dc22984",
	"00000000-0000-0000-0000-000000000000",
	'');
INSERT INTO SM_SEME
	VALUES ("8b271aeb-2436-4e47-9c01-fa02de47746c",
	"c664e6c7-072d-4366-9680-a80f8489a001",
	"9ca5c19c-f232-4fcc-abd0-3e556dc22984",
	"00000000-0000-0000-0000-000000000000");
INSERT INTO SM_CH
	VALUES ("8b271aeb-2436-4e47-9c01-fa02de47746c",
	"94ccc537-cc61-4393-93c5-36f8639d10f7",
	"9ca5c19c-f232-4fcc-abd0-3e556dc22984",
	"00000000-0000-0000-0000-000000000000",
	'');
INSERT INTO SM_SEME
	VALUES ("8b271aeb-2436-4e47-9c01-fa02de47746c",
	"94ccc537-cc61-4393-93c5-36f8639d10f7",
	"9ca5c19c-f232-4fcc-abd0-3e556dc22984",
	"00000000-0000-0000-0000-000000000000");
INSERT INTO SM_CH
	VALUES ("8b271aeb-2436-4e47-9c01-fa02de47746c",
	"ea1494d4-6126-4bfa-8e9f-cf9e30b866e1",
	"9ca5c19c-f232-4fcc-abd0-3e556dc22984",
	"00000000-0000-0000-0000-000000000000",
	'');
INSERT INTO SM_SEME
	VALUES ("8b271aeb-2436-4e47-9c01-fa02de47746c",
	"ea1494d4-6126-4bfa-8e9f-cf9e30b866e1",
	"9ca5c19c-f232-4fcc-abd0-3e556dc22984",
	"00000000-0000-0000-0000-000000000000");
INSERT INTO SM_CH
	VALUES ("8b271aeb-2436-4e47-9c01-fa02de47746c",
	"925497bb-ef7d-4034-8561-783139dcb795",
	"9ca5c19c-f232-4fcc-abd0-3e556dc22984",
	"00000000-0000-0000-0000-000000000000",
	'');
INSERT INTO SM_SEME
	VALUES ("8b271aeb-2436-4e47-9c01-fa02de47746c",
	"925497bb-ef7d-4034-8561-783139dcb795",
	"9ca5c19c-f232-4fcc-abd0-3e556dc22984",
	"00000000-0000-0000-0000-000000000000");
INSERT INTO SM_CH
	VALUES ("8b271aeb-2436-4e47-9c01-fa02de47746c",
	"d50db7fe-a16b-4165-b400-eb4ed206acf8",
	"9ca5c19c-f232-4fcc-abd0-3e556dc22984",
	"00000000-0000-0000-0000-000000000000",
	'');
INSERT INTO SM_SEME
	VALUES ("8b271aeb-2436-4e47-9c01-fa02de47746c",
	"d50db7fe-a16b-4165-b400-eb4ed206acf8",
	"9ca5c19c-f232-4fcc-abd0-3e556dc22984",
	"00000000-0000-0000-0000-000000000000");
INSERT INTO SM_CH
	VALUES ("8b271aeb-2436-4e47-9c01-fa02de47746c",
	"dc78f742-0603-4f83-8e83-13a01fc5bfed",
	"9ca5c19c-f232-4fcc-abd0-3e556dc22984",
	"00000000-0000-0000-0000-000000000000",
	'');
INSERT INTO SM_SEME
	VALUES ("8b271aeb-2436-4e47-9c01-fa02de47746c",
	"dc78f742-0603-4f83-8e83-13a01fc5bfed",
	"9ca5c19c-f232-4fcc-abd0-3e556dc22984",
	"00000000-0000-0000-0000-000000000000");
INSERT INTO SM_CH
	VALUES ("8b271aeb-2436-4e47-9c01-fa02de47746c",
	"1b6b5ef5-d13f-401a-8035-f11b81e858f7",
	"9ca5c19c-f232-4fcc-abd0-3e556dc22984",
	"00000000-0000-0000-0000-000000000000",
	'');
INSERT INTO SM_SEME
	VALUES ("8b271aeb-2436-4e47-9c01-fa02de47746c",
	"1b6b5ef5-d13f-401a-8035-f11b81e858f7",
	"9ca5c19c-f232-4fcc-abd0-3e556dc22984",
	"00000000-0000-0000-0000-000000000000");
INSERT INTO SM_SEME
	VALUES ("8b271aeb-2436-4e47-9c01-fa02de47746c",
	"ab1bd482-2474-43d3-8fd5-68232585b8c8",
	"9ca5c19c-f232-4fcc-abd0-3e556dc22984",
	"00000000-0000-0000-0000-000000000000");
INSERT INTO SM_SEME
	VALUES ("8b271aeb-2436-4e47-9c01-fa02de47746c",
	"d935a083-8245-473b-aeb3-48ec0baf1a28",
	"9ca5c19c-f232-4fcc-abd0-3e556dc22984",
	"00000000-0000-0000-0000-000000000000");
INSERT INTO SM_MOAH
	VALUES ("6f0391a8-1344-44b1-b342-36f6886df6f7",
	"9ca5c19c-f232-4fcc-abd0-3e556dc22984",
	"8b271aeb-2436-4e47-9c01-fa02de47746c");
INSERT INTO SM_AH
	VALUES ("6f0391a8-1344-44b1-b342-36f6886df6f7",
	"9ca5c19c-f232-4fcc-abd0-3e556dc22984");
INSERT INTO SM_ACT
	VALUES ("6f0391a8-1344-44b1-b342-36f6886df6f7",
	"9ca5c19c-f232-4fcc-abd0-3e556dc22984",
	1,
	'//Show message to the user "no avilable change"
//Prompt the user to accept overpayment or cancel the transaction then wait for user input',
	'',
	0);
INSERT INTO ACT_SAB
	VALUES ("3b746f67-ba27-4962-bd35-584021d508e1",
	"9ca5c19c-f232-4fcc-abd0-3e556dc22984",
	"6f0391a8-1344-44b1-b342-36f6886df6f7");
INSERT INTO ACT_ACT
	VALUES ("3b746f67-ba27-4962-bd35-584021d508e1",
	'state',
	0,
	"57706639-6440-4bab-bb82-2d4ccc1fd798",
	"00000000-0000-0000-0000-000000000000",
	0,
	'PaymentMachine::OverPayment',
	"00000000-0000-0000-0000-000000000000");
INSERT INTO ACT_BLK
	VALUES ("57706639-6440-4bab-bb82-2d4ccc1fd798",
	0,
	0,
	0,
	'',
	'',
	'',
	0,
	0,
	0,
	0,
	0,
	0,
	0,
	0,
	0,
	0,
	0,
	0,
	0,
	"3b746f67-ba27-4962-bd35-584021d508e1",
	"00000000-0000-0000-0000-000000000000");
INSERT INTO SM_STATE
	VALUES ("c264a6ab-097a-427a-b09d-7722288e7eac",
	"9ca5c19c-f232-4fcc-abd0-3e556dc22984",
	"00000000-0000-0000-0000-000000000000",
	'Print ExitDeadLine',
	11,
	0);
INSERT INTO SM_CH
	VALUES ("c264a6ab-097a-427a-b09d-7722288e7eac",
	"baa51ef5-e612-4170-8ca8-91294f604040",
	"9ca5c19c-f232-4fcc-abd0-3e556dc22984",
	"00000000-0000-0000-0000-000000000000",
	'');
INSERT INTO SM_SEME
	VALUES ("c264a6ab-097a-427a-b09d-7722288e7eac",
	"baa51ef5-e612-4170-8ca8-91294f604040",
	"9ca5c19c-f232-4fcc-abd0-3e556dc22984",
	"00000000-0000-0000-0000-000000000000");
INSERT INTO SM_SEME
	VALUES ("c264a6ab-097a-427a-b09d-7722288e7eac",
	"4faad3b0-9e13-40be-8ed8-b00524179f25",
	"9ca5c19c-f232-4fcc-abd0-3e556dc22984",
	"00000000-0000-0000-0000-000000000000");
INSERT INTO SM_CH
	VALUES ("c264a6ab-097a-427a-b09d-7722288e7eac",
	"c664e6c7-072d-4366-9680-a80f8489a001",
	"9ca5c19c-f232-4fcc-abd0-3e556dc22984",
	"00000000-0000-0000-0000-000000000000",
	'');
INSERT INTO SM_SEME
	VALUES ("c264a6ab-097a-427a-b09d-7722288e7eac",
	"c664e6c7-072d-4366-9680-a80f8489a001",
	"9ca5c19c-f232-4fcc-abd0-3e556dc22984",
	"00000000-0000-0000-0000-000000000000");
INSERT INTO SM_CH
	VALUES ("c264a6ab-097a-427a-b09d-7722288e7eac",
	"94ccc537-cc61-4393-93c5-36f8639d10f7",
	"9ca5c19c-f232-4fcc-abd0-3e556dc22984",
	"00000000-0000-0000-0000-000000000000",
	'');
INSERT INTO SM_SEME
	VALUES ("c264a6ab-097a-427a-b09d-7722288e7eac",
	"94ccc537-cc61-4393-93c5-36f8639d10f7",
	"9ca5c19c-f232-4fcc-abd0-3e556dc22984",
	"00000000-0000-0000-0000-000000000000");
INSERT INTO SM_CH
	VALUES ("c264a6ab-097a-427a-b09d-7722288e7eac",
	"ea1494d4-6126-4bfa-8e9f-cf9e30b866e1",
	"9ca5c19c-f232-4fcc-abd0-3e556dc22984",
	"00000000-0000-0000-0000-000000000000",
	'');
INSERT INTO SM_SEME
	VALUES ("c264a6ab-097a-427a-b09d-7722288e7eac",
	"ea1494d4-6126-4bfa-8e9f-cf9e30b866e1",
	"9ca5c19c-f232-4fcc-abd0-3e556dc22984",
	"00000000-0000-0000-0000-000000000000");
INSERT INTO SM_CH
	VALUES ("c264a6ab-097a-427a-b09d-7722288e7eac",
	"925497bb-ef7d-4034-8561-783139dcb795",
	"9ca5c19c-f232-4fcc-abd0-3e556dc22984",
	"00000000-0000-0000-0000-000000000000",
	'');
INSERT INTO SM_SEME
	VALUES ("c264a6ab-097a-427a-b09d-7722288e7eac",
	"925497bb-ef7d-4034-8561-783139dcb795",
	"9ca5c19c-f232-4fcc-abd0-3e556dc22984",
	"00000000-0000-0000-0000-000000000000");
INSERT INTO SM_CH
	VALUES ("c264a6ab-097a-427a-b09d-7722288e7eac",
	"d50db7fe-a16b-4165-b400-eb4ed206acf8",
	"9ca5c19c-f232-4fcc-abd0-3e556dc22984",
	"00000000-0000-0000-0000-000000000000",
	'');
INSERT INTO SM_SEME
	VALUES ("c264a6ab-097a-427a-b09d-7722288e7eac",
	"d50db7fe-a16b-4165-b400-eb4ed206acf8",
	"9ca5c19c-f232-4fcc-abd0-3e556dc22984",
	"00000000-0000-0000-0000-000000000000");
INSERT INTO SM_CH
	VALUES ("c264a6ab-097a-427a-b09d-7722288e7eac",
	"dc78f742-0603-4f83-8e83-13a01fc5bfed",
	"9ca5c19c-f232-4fcc-abd0-3e556dc22984",
	"00000000-0000-0000-0000-000000000000",
	'');
INSERT INTO SM_SEME
	VALUES ("c264a6ab-097a-427a-b09d-7722288e7eac",
	"dc78f742-0603-4f83-8e83-13a01fc5bfed",
	"9ca5c19c-f232-4fcc-abd0-3e556dc22984",
	"00000000-0000-0000-0000-000000000000");
INSERT INTO SM_CH
	VALUES ("c264a6ab-097a-427a-b09d-7722288e7eac",
	"1b6b5ef5-d13f-401a-8035-f11b81e858f7",
	"9ca5c19c-f232-4fcc-abd0-3e556dc22984",
	"00000000-0000-0000-0000-000000000000",
	'');
INSERT INTO SM_SEME
	VALUES ("c264a6ab-097a-427a-b09d-7722288e7eac",
	"1b6b5ef5-d13f-401a-8035-f11b81e858f7",
	"9ca5c19c-f232-4fcc-abd0-3e556dc22984",
	"00000000-0000-0000-0000-000000000000");
INSERT INTO SM_CH
	VALUES ("c264a6ab-097a-427a-b09d-7722288e7eac",
	"ab1bd482-2474-43d3-8fd5-68232585b8c8",
	"9ca5c19c-f232-4fcc-abd0-3e556dc22984",
	"00000000-0000-0000-0000-000000000000",
	'');
INSERT INTO SM_SEME
	VALUES ("c264a6ab-097a-427a-b09d-7722288e7eac",
	"ab1bd482-2474-43d3-8fd5-68232585b8c8",
	"9ca5c19c-f232-4fcc-abd0-3e556dc22984",
	"00000000-0000-0000-0000-000000000000");
INSERT INTO SM_CH
	VALUES ("c264a6ab-097a-427a-b09d-7722288e7eac",
	"d935a083-8245-473b-aeb3-48ec0baf1a28",
	"9ca5c19c-f232-4fcc-abd0-3e556dc22984",
	"00000000-0000-0000-0000-000000000000",
	'');
INSERT INTO SM_SEME
	VALUES ("c264a6ab-097a-427a-b09d-7722288e7eac",
	"d935a083-8245-473b-aeb3-48ec0baf1a28",
	"9ca5c19c-f232-4fcc-abd0-3e556dc22984",
	"00000000-0000-0000-0000-000000000000");
INSERT INTO SM_MOAH
	VALUES ("5e5c89f3-7356-46b7-bdd7-49f28c34cfe7",
	"9ca5c19c-f232-4fcc-abd0-3e556dc22984",
	"c264a6ab-097a-427a-b09d-7722288e7eac");
INSERT INTO SM_AH
	VALUES ("5e5c89f3-7356-46b7-bdd7-49f28c34cfe7",
	"9ca5c19c-f232-4fcc-abd0-3e556dc22984");
INSERT INTO SM_ACT
	VALUES ("5e5c89f3-7356-46b7-bdd7-49f28c34cfe7",
	"9ca5c19c-f232-4fcc-abd0-3e556dc22984",
	1,
	'// Calculate ExitDeadline => Current time + 15 min
//Print ExitDeadline on the ticket 

/*CalculateExitDeadLine()
PrintOnTicket(ExitDeadLine:integer)*/',
	'',
	0);
INSERT INTO ACT_SAB
	VALUES ("f4e2458e-dc6f-4bb5-8439-218bd7dddbef",
	"9ca5c19c-f232-4fcc-abd0-3e556dc22984",
	"5e5c89f3-7356-46b7-bdd7-49f28c34cfe7");
INSERT INTO ACT_ACT
	VALUES ("f4e2458e-dc6f-4bb5-8439-218bd7dddbef",
	'state',
	0,
	"b1cca97c-d33f-4d63-a772-4dd2036cea64",
	"00000000-0000-0000-0000-000000000000",
	0,
	'PaymentMachine::Print ExitDeadLine',
	"00000000-0000-0000-0000-000000000000");
INSERT INTO ACT_BLK
	VALUES ("b1cca97c-d33f-4d63-a772-4dd2036cea64",
	0,
	0,
	0,
	'',
	'',
	'',
	0,
	0,
	0,
	0,
	0,
	0,
	0,
	0,
	0,
	0,
	0,
	0,
	0,
	"f4e2458e-dc6f-4bb5-8439-218bd7dddbef",
	"00000000-0000-0000-0000-000000000000");
INSERT INTO SM_STATE
	VALUES ("8021b38d-93d3-4677-9e6a-88cf08b1e77e",
	"9ca5c19c-f232-4fcc-abd0-3e556dc22984",
	"00000000-0000-0000-0000-000000000000",
	'Waiting for Payment',
	3,
	0);
INSERT INTO SM_CH
	VALUES ("8021b38d-93d3-4677-9e6a-88cf08b1e77e",
	"baa51ef5-e612-4170-8ca8-91294f604040",
	"9ca5c19c-f232-4fcc-abd0-3e556dc22984",
	"00000000-0000-0000-0000-000000000000",
	'');
INSERT INTO SM_SEME
	VALUES ("8021b38d-93d3-4677-9e6a-88cf08b1e77e",
	"baa51ef5-e612-4170-8ca8-91294f604040",
	"9ca5c19c-f232-4fcc-abd0-3e556dc22984",
	"00000000-0000-0000-0000-000000000000");
INSERT INTO SM_CH
	VALUES ("8021b38d-93d3-4677-9e6a-88cf08b1e77e",
	"4faad3b0-9e13-40be-8ed8-b00524179f25",
	"9ca5c19c-f232-4fcc-abd0-3e556dc22984",
	"00000000-0000-0000-0000-000000000000",
	'');
INSERT INTO SM_SEME
	VALUES ("8021b38d-93d3-4677-9e6a-88cf08b1e77e",
	"4faad3b0-9e13-40be-8ed8-b00524179f25",
	"9ca5c19c-f232-4fcc-abd0-3e556dc22984",
	"00000000-0000-0000-0000-000000000000");
INSERT INTO SM_CH
	VALUES ("8021b38d-93d3-4677-9e6a-88cf08b1e77e",
	"c664e6c7-072d-4366-9680-a80f8489a001",
	"9ca5c19c-f232-4fcc-abd0-3e556dc22984",
	"00000000-0000-0000-0000-000000000000",
	'');
INSERT INTO SM_SEME
	VALUES ("8021b38d-93d3-4677-9e6a-88cf08b1e77e",
	"c664e6c7-072d-4366-9680-a80f8489a001",
	"9ca5c19c-f232-4fcc-abd0-3e556dc22984",
	"00000000-0000-0000-0000-000000000000");
INSERT INTO SM_CH
	VALUES ("8021b38d-93d3-4677-9e6a-88cf08b1e77e",
	"94ccc537-cc61-4393-93c5-36f8639d10f7",
	"9ca5c19c-f232-4fcc-abd0-3e556dc22984",
	"00000000-0000-0000-0000-000000000000",
	'');
INSERT INTO SM_SEME
	VALUES ("8021b38d-93d3-4677-9e6a-88cf08b1e77e",
	"94ccc537-cc61-4393-93c5-36f8639d10f7",
	"9ca5c19c-f232-4fcc-abd0-3e556dc22984",
	"00000000-0000-0000-0000-000000000000");
INSERT INTO SM_CH
	VALUES ("8021b38d-93d3-4677-9e6a-88cf08b1e77e",
	"ea1494d4-6126-4bfa-8e9f-cf9e30b866e1",
	"9ca5c19c-f232-4fcc-abd0-3e556dc22984",
	"00000000-0000-0000-0000-000000000000",
	'');
INSERT INTO SM_SEME
	VALUES ("8021b38d-93d3-4677-9e6a-88cf08b1e77e",
	"ea1494d4-6126-4bfa-8e9f-cf9e30b866e1",
	"9ca5c19c-f232-4fcc-abd0-3e556dc22984",
	"00000000-0000-0000-0000-000000000000");
INSERT INTO SM_CH
	VALUES ("8021b38d-93d3-4677-9e6a-88cf08b1e77e",
	"925497bb-ef7d-4034-8561-783139dcb795",
	"9ca5c19c-f232-4fcc-abd0-3e556dc22984",
	"00000000-0000-0000-0000-000000000000",
	'');
INSERT INTO SM_SEME
	VALUES ("8021b38d-93d3-4677-9e6a-88cf08b1e77e",
	"925497bb-ef7d-4034-8561-783139dcb795",
	"9ca5c19c-f232-4fcc-abd0-3e556dc22984",
	"00000000-0000-0000-0000-000000000000");
INSERT INTO SM_CH
	VALUES ("8021b38d-93d3-4677-9e6a-88cf08b1e77e",
	"d50db7fe-a16b-4165-b400-eb4ed206acf8",
	"9ca5c19c-f232-4fcc-abd0-3e556dc22984",
	"00000000-0000-0000-0000-000000000000",
	'');
INSERT INTO SM_SEME
	VALUES ("8021b38d-93d3-4677-9e6a-88cf08b1e77e",
	"d50db7fe-a16b-4165-b400-eb4ed206acf8",
	"9ca5c19c-f232-4fcc-abd0-3e556dc22984",
	"00000000-0000-0000-0000-000000000000");
INSERT INTO SM_CH
	VALUES ("8021b38d-93d3-4677-9e6a-88cf08b1e77e",
	"dc78f742-0603-4f83-8e83-13a01fc5bfed",
	"9ca5c19c-f232-4fcc-abd0-3e556dc22984",
	"00000000-0000-0000-0000-000000000000",
	'');
INSERT INTO SM_SEME
	VALUES ("8021b38d-93d3-4677-9e6a-88cf08b1e77e",
	"dc78f742-0603-4f83-8e83-13a01fc5bfed",
	"9ca5c19c-f232-4fcc-abd0-3e556dc22984",
	"00000000-0000-0000-0000-000000000000");
INSERT INTO SM_CH
	VALUES ("8021b38d-93d3-4677-9e6a-88cf08b1e77e",
	"1b6b5ef5-d13f-401a-8035-f11b81e858f7",
	"9ca5c19c-f232-4fcc-abd0-3e556dc22984",
	"00000000-0000-0000-0000-000000000000",
	'');
INSERT INTO SM_SEME
	VALUES ("8021b38d-93d3-4677-9e6a-88cf08b1e77e",
	"1b6b5ef5-d13f-401a-8035-f11b81e858f7",
	"9ca5c19c-f232-4fcc-abd0-3e556dc22984",
	"00000000-0000-0000-0000-000000000000");
INSERT INTO SM_CH
	VALUES ("8021b38d-93d3-4677-9e6a-88cf08b1e77e",
	"ab1bd482-2474-43d3-8fd5-68232585b8c8",
	"9ca5c19c-f232-4fcc-abd0-3e556dc22984",
	"00000000-0000-0000-0000-000000000000",
	'');
INSERT INTO SM_SEME
	VALUES ("8021b38d-93d3-4677-9e6a-88cf08b1e77e",
	"ab1bd482-2474-43d3-8fd5-68232585b8c8",
	"9ca5c19c-f232-4fcc-abd0-3e556dc22984",
	"00000000-0000-0000-0000-000000000000");
INSERT INTO SM_SEME
	VALUES ("8021b38d-93d3-4677-9e6a-88cf08b1e77e",
	"d935a083-8245-473b-aeb3-48ec0baf1a28",
	"9ca5c19c-f232-4fcc-abd0-3e556dc22984",
	"00000000-0000-0000-0000-000000000000");
INSERT INTO SM_MOAH
	VALUES ("ee088f5b-4609-46d3-87c5-107395c797b6",
	"9ca5c19c-f232-4fcc-abd0-3e556dc22984",
	"8021b38d-93d3-4677-9e6a-88cf08b1e77e");
INSERT INTO SM_AH
	VALUES ("ee088f5b-4609-46d3-87c5-107395c797b6",
	"9ca5c19c-f232-4fcc-abd0-3e556dc22984");
INSERT INTO SM_ACT
	VALUES ("ee088f5b-4609-46d3-87c5-107395c797b6",
	"9ca5c19c-f232-4fcc-abd0-3e556dc22984",
	1,
	'//Display the required fee to the user
select any ticket from Ticket where selected.ID == param.TicketNumber;
//open currency slot to allow the user to enter currency
// start timer of 30 secends to wait for payment

/*
DisplayFee(Fee:real)
OpenCurrencySlot()
StartTimer(Sec:integer)*/',
	'',
	0);
INSERT INTO ACT_SAB
	VALUES ("accf49bc-eba7-40d1-b007-5a900b050c53",
	"9ca5c19c-f232-4fcc-abd0-3e556dc22984",
	"ee088f5b-4609-46d3-87c5-107395c797b6");
INSERT INTO ACT_ACT
	VALUES ("accf49bc-eba7-40d1-b007-5a900b050c53",
	'state',
	0,
	"26fb21c4-f684-4111-9c8b-2d6abb7f7849",
	"00000000-0000-0000-0000-000000000000",
	0,
	'PaymentMachine::Waiting for Payment',
	"00000000-0000-0000-0000-000000000000");
INSERT INTO ACT_BLK
	VALUES ("26fb21c4-f684-4111-9c8b-2d6abb7f7849",
	1,
	0,
	1,
	'',
	'',
	'',
	2,
	1,
	2,
	24,
	0,
	0,
	0,
	0,
	0,
	0,
	0,
	0,
	0,
	"accf49bc-eba7-40d1-b007-5a900b050c53",
	"00000000-0000-0000-0000-000000000000");
INSERT INTO ACT_SMT
	VALUES ("324cfd52-492b-4b18-bfbf-f307fc65be61",
	"26fb21c4-f684-4111-9c8b-2d6abb7f7849",
	"00000000-0000-0000-0000-000000000000",
	2,
	1,
	'PaymentMachine::Waiting for Payment line: 2');
INSERT INTO ACT_FIW
	VALUES ("324cfd52-492b-4b18-bfbf-f307fc65be61",
	"fb2b762a-5f25-4331-8b2e-455b2bc2549f",
	1,
	'any',
	"f183ed99-950c-4628-bfee-64fe250659da",
	"abf44062-5612-49b4-a45b-627ecdbff52f",
	2,
	24);
INSERT INTO V_VAL
	VALUES ("5f93c5e7-3c18-4916-9bf3-626973242aa3",
	0,
	0,
	2,
	37,
	-1,
	0,
	0,
	0,
	0,
	"ba5eda7a-def5-0000-0000-000000000008",
	"26fb21c4-f684-4111-9c8b-2d6abb7f7849");
INSERT INTO V_SLR
	VALUES ("5f93c5e7-3c18-4916-9bf3-626973242aa3",
	"00000000-0000-0000-0000-000000000000",
	"00000000-0000-0000-0000-000000000000",
	"00000000-0000-0000-0000-000000000000");
INSERT INTO V_VAL
	VALUES ("b94a6b94-517e-4ae3-b543-4d235793dc5f",
	0,
	0,
	2,
	46,
	47,
	0,
	0,
	0,
	0,
	"ba5eda7a-def5-0000-0000-000000000005",
	"26fb21c4-f684-4111-9c8b-2d6abb7f7849");
INSERT INTO V_AVL
	VALUES ("b94a6b94-517e-4ae3-b543-4d235793dc5f",
	"5f93c5e7-3c18-4916-9bf3-626973242aa3",
	"abf44062-5612-49b4-a45b-627ecdbff52f",
	"e4e0a0d6-66a7-4d73-9536-a668da1eacb4");
INSERT INTO V_VAL
	VALUES ("f183ed99-950c-4628-bfee-64fe250659da",
	0,
	0,
	2,
	46,
	69,
	0,
	0,
	0,
	0,
	"ba5eda7a-def5-0000-0000-000000000001",
	"26fb21c4-f684-4111-9c8b-2d6abb7f7849");
INSERT INTO V_BIN
	VALUES ("f183ed99-950c-4628-bfee-64fe250659da",
	"5388576f-2abe-4bef-9b77-0a1257cdbd9c",
	"b94a6b94-517e-4ae3-b543-4d235793dc5f",
	'==');
INSERT INTO V_VAL
	VALUES ("5388576f-2abe-4bef-9b77-0a1257cdbd9c",
	0,
	0,
	2,
	58,
	69,
	0,
	0,
	0,
	0,
	"ba5eda7a-def5-0000-0000-000000000005",
	"26fb21c4-f684-4111-9c8b-2d6abb7f7849");
INSERT INTO V_EDV
	VALUES ("5388576f-2abe-4bef-9b77-0a1257cdbd9c");
INSERT INTO V_EPR
	VALUES ("5388576f-2abe-4bef-9b77-0a1257cdbd9c",
	"9ca5c19c-f232-4fcc-abd0-3e556dc22984",
	"59678db0-3a5f-4115-b690-6c255f23e12a",
	"00000000-0000-0000-0000-000000000000");
INSERT INTO V_EPR
	VALUES ("5388576f-2abe-4bef-9b77-0a1257cdbd9c",
	"9ca5c19c-f232-4fcc-abd0-3e556dc22984",
	"1307ef3e-a43d-43fe-bd60-c792c270660f",
	"00000000-0000-0000-0000-000000000000");
INSERT INTO V_EPR
	VALUES ("5388576f-2abe-4bef-9b77-0a1257cdbd9c",
	"9ca5c19c-f232-4fcc-abd0-3e556dc22984",
	"5fbcb95c-f2da-462c-9498-e90d1aea8a00",
	"00000000-0000-0000-0000-000000000000");
INSERT INTO V_VAR
	VALUES ("fb2b762a-5f25-4331-8b2e-455b2bc2549f",
	"26fb21c4-f684-4111-9c8b-2d6abb7f7849",
	'ticket',
	1,
	"ba5eda7a-def5-0000-0000-000000000008");
INSERT INTO V_INT
	VALUES ("fb2b762a-5f25-4331-8b2e-455b2bc2549f",
	0,
	"abf44062-5612-49b4-a45b-627ecdbff52f");
INSERT INTO SM_NSTXN
	VALUES ("c18a79af-233b-4827-ad0f-ee1d121bd1d3",
	"9ca5c19c-f232-4fcc-abd0-3e556dc22984",
	"188a96e4-0d11-4735-a236-f002abb7736b",
	"baa51ef5-e612-4170-8ca8-91294f604040",
	"00000000-0000-0000-0000-000000000000");
INSERT INTO SM_TAH
	VALUES ("d8ba9701-f61d-4676-9ebe-c47a3961c329",
	"9ca5c19c-f232-4fcc-abd0-3e556dc22984",
	"c18a79af-233b-4827-ad0f-ee1d121bd1d3");
INSERT INTO SM_AH
	VALUES ("d8ba9701-f61d-4676-9ebe-c47a3961c329",
	"9ca5c19c-f232-4fcc-abd0-3e556dc22984");
INSERT INTO SM_ACT
	VALUES ("d8ba9701-f61d-4676-9ebe-c47a3961c329",
	"9ca5c19c-f232-4fcc-abd0-3e556dc22984",
	1,
	'//Close ticket slot to prevent the user from inserting more than one ticket until the transaction is completed. 
self.IsTicketSlotOpen=false;
',
	'',
	0);
INSERT INTO ACT_TAB
	VALUES ("33ed9468-208a-4fed-840f-31e3afd501b0",
	"9ca5c19c-f232-4fcc-abd0-3e556dc22984",
	"d8ba9701-f61d-4676-9ebe-c47a3961c329");
INSERT INTO ACT_ACT
	VALUES ("33ed9468-208a-4fed-840f-31e3afd501b0",
	'transition',
	0,
	"75fbbe7d-7408-481b-a6ff-3f8e186bc404",
	"00000000-0000-0000-0000-000000000000",
	0,
	'PaymentMachine15: Insert Ticket ',
	"00000000-0000-0000-0000-000000000000");
INSERT INTO ACT_BLK
	VALUES ("75fbbe7d-7408-481b-a6ff-3f8e186bc404",
	0,
	0,
	0,
	'',
	'',
	'',
	2,
	1,
	0,
	0,
	0,
	0,
	0,
	0,
	0,
	0,
	0,
	0,
	0,
	"33ed9468-208a-4fed-840f-31e3afd501b0",
	"00000000-0000-0000-0000-000000000000");
INSERT INTO ACT_SMT
	VALUES ("e1ed9afe-a796-4ec8-a62c-822ed851d0d4",
	"75fbbe7d-7408-481b-a6ff-3f8e186bc404",
	"00000000-0000-0000-0000-000000000000",
	2,
	1,
	'PaymentMachine15: Insert Ticket  line: 2');
INSERT INTO ACT_AI
	VALUES ("e1ed9afe-a796-4ec8-a62c-822ed851d0d4",
	"bca516a0-bc82-4117-a2de-974d7e539d33",
	"08d8e135-297d-4d29-a7fe-27411e65c855",
	0,
	0);
INSERT INTO V_VAL
	VALUES ("d910e914-45e2-4b32-ba28-fefed8a7868b",
	1,
	0,
	2,
	1,
	4,
	0,
	0,
	0,
	0,
	"ba5eda7a-def5-0000-0000-000000000008",
	"75fbbe7d-7408-481b-a6ff-3f8e186bc404");
INSERT INTO V_IRF
	VALUES ("d910e914-45e2-4b32-ba28-fefed8a7868b",
	"236e62b7-77f7-45c6-9d73-06a4058d3cd6");
INSERT INTO V_VAL
	VALUES ("08d8e135-297d-4d29-a7fe-27411e65c855",
	1,
	0,
	2,
	6,
	21,
	0,
	0,
	0,
	0,
	"ba5eda7a-def5-0000-0000-000000000001",
	"75fbbe7d-7408-481b-a6ff-3f8e186bc404");
INSERT INTO V_AVL
	VALUES ("08d8e135-297d-4d29-a7fe-27411e65c855",
	"d910e914-45e2-4b32-ba28-fefed8a7868b",
	"0115173d-5d99-47c7-8f26-a50a77b9753b",
	"12f74256-ffbe-468a-b189-308115c4bcf3");
INSERT INTO V_VAL
	VALUES ("bca516a0-bc82-4117-a2de-974d7e539d33",
	0,
	0,
	-1,
	-1,
	-1,
	0,
	0,
	0,
	0,
	"ba5eda7a-def5-0000-0000-000000000001",
	"75fbbe7d-7408-481b-a6ff-3f8e186bc404");
INSERT INTO V_LBO
	VALUES ("bca516a0-bc82-4117-a2de-974d7e539d33",
	'FALSE');
INSERT INTO V_VAR
	VALUES ("236e62b7-77f7-45c6-9d73-06a4058d3cd6",
	"75fbbe7d-7408-481b-a6ff-3f8e186bc404",
	'self',
	1,
	"ba5eda7a-def5-0000-0000-000000000008");
INSERT INTO V_INT
	VALUES ("236e62b7-77f7-45c6-9d73-06a4058d3cd6",
	0,
	"0115173d-5d99-47c7-8f26-a50a77b9753b");
INSERT INTO SM_TXN
	VALUES ("c18a79af-233b-4827-ad0f-ee1d121bd1d3",
	"9ca5c19c-f232-4fcc-abd0-3e556dc22984",
	"8021b38d-93d3-4677-9e6a-88cf08b1e77e",
	"00000000-0000-0000-0000-000000000000");
INSERT INTO SM_NSTXN
	VALUES ("a48d4f97-46fa-4748-907a-1b2d12f86caf",
	"9ca5c19c-f232-4fcc-abd0-3e556dc22984",
	"8021b38d-93d3-4677-9e6a-88cf08b1e77e",
	"925497bb-ef7d-4034-8561-783139dcb795",
	"00000000-0000-0000-0000-000000000000");
INSERT INTO SM_TAH
	VALUES ("27f1c6fd-70c3-41ff-a0e9-6d1372752fe2",
	"9ca5c19c-f232-4fcc-abd0-3e556dc22984",
	"a48d4f97-46fa-4748-907a-1b2d12f86caf");
INSERT INTO SM_AH
	VALUES ("27f1c6fd-70c3-41ff-a0e9-6d1372752fe2",
	"9ca5c19c-f232-4fcc-abd0-3e556dc22984");
INSERT INTO SM_ACT
	VALUES ("27f1c6fd-70c3-41ff-a0e9-6d1372752fe2",
	"9ca5c19c-f232-4fcc-abd0-3e556dc22984",
	1,
	'',
	'',
	0);
INSERT INTO ACT_TAB
	VALUES ("4ed35ed2-1a4f-4663-835f-9a608e4971c8",
	"9ca5c19c-f232-4fcc-abd0-3e556dc22984",
	"27f1c6fd-70c3-41ff-a0e9-6d1372752fe2");
INSERT INTO ACT_ACT
	VALUES ("4ed35ed2-1a4f-4663-835f-9a608e4971c8",
	'transition',
	0,
	"c4297054-85d5-48ed-bce3-48ce4b369451",
	"00000000-0000-0000-0000-000000000000",
	0,
	'PaymentMachine21: Timer Expried',
	"00000000-0000-0000-0000-000000000000");
INSERT INTO ACT_BLK
	VALUES ("c4297054-85d5-48ed-bce3-48ce4b369451",
	0,
	0,
	0,
	'',
	'',
	'',
	0,
	0,
	0,
	0,
	0,
	0,
	0,
	0,
	0,
	0,
	0,
	0,
	0,
	"4ed35ed2-1a4f-4663-835f-9a608e4971c8",
	"00000000-0000-0000-0000-000000000000");
INSERT INTO SM_TXN
	VALUES ("a48d4f97-46fa-4748-907a-1b2d12f86caf",
	"9ca5c19c-f232-4fcc-abd0-3e556dc22984",
	"ad8228c7-552d-40aa-b70a-967fa2beec26",
	"00000000-0000-0000-0000-000000000000");
INSERT INTO SM_NSTXN
	VALUES ("06205e59-c6fd-4e13-b22f-81090b4bc3d7",
	"9ca5c19c-f232-4fcc-abd0-3e556dc22984",
	"8021b38d-93d3-4677-9e6a-88cf08b1e77e",
	"c664e6c7-072d-4366-9680-a80f8489a001",
	"00000000-0000-0000-0000-000000000000");
INSERT INTO SM_TAH
	VALUES ("6da8f0bd-fac5-477c-b2bc-201d32fa4bb6",
	"9ca5c19c-f232-4fcc-abd0-3e556dc22984",
	"06205e59-c6fd-4e13-b22f-81090b4bc3d7");
INSERT INTO SM_AH
	VALUES ("6da8f0bd-fac5-477c-b2bc-201d32fa4bb6",
	"9ca5c19c-f232-4fcc-abd0-3e556dc22984");
INSERT INTO SM_ACT
	VALUES ("6da8f0bd-fac5-477c-b2bc-201d32fa4bb6",
	"9ca5c19c-f232-4fcc-abd0-3e556dc22984",
	1,
	'',
	'',
	0);
INSERT INTO ACT_TAB
	VALUES ("6efe6b4e-cc81-46c2-985c-7d1ed2b4d09e",
	"9ca5c19c-f232-4fcc-abd0-3e556dc22984",
	"6da8f0bd-fac5-477c-b2bc-201d32fa4bb6");
INSERT INTO ACT_ACT
	VALUES ("6efe6b4e-cc81-46c2-985c-7d1ed2b4d09e",
	'transition',
	0,
	"cd37882c-32fb-4f02-bd2f-31f4e09cedc1",
	"00000000-0000-0000-0000-000000000000",
	0,
	'PaymentMachine18: Insert Currency',
	"00000000-0000-0000-0000-000000000000");
INSERT INTO ACT_BLK
	VALUES ("cd37882c-32fb-4f02-bd2f-31f4e09cedc1",
	0,
	0,
	0,
	'',
	'',
	'',
	0,
	0,
	0,
	0,
	0,
	0,
	0,
	0,
	0,
	0,
	0,
	0,
	0,
	"6efe6b4e-cc81-46c2-985c-7d1ed2b4d09e",
	"00000000-0000-0000-0000-000000000000");
INSERT INTO SM_TXN
	VALUES ("06205e59-c6fd-4e13-b22f-81090b4bc3d7",
	"9ca5c19c-f232-4fcc-abd0-3e556dc22984",
	"0f84b39e-cf41-46d9-94f6-8ca2e3db4d9b",
	"00000000-0000-0000-0000-000000000000");
INSERT INTO SM_NSTXN
	VALUES ("6c3e3f23-340f-4fdd-ac40-54d39d08b001",
	"9ca5c19c-f232-4fcc-abd0-3e556dc22984",
	"0f84b39e-cf41-46d9-94f6-8ca2e3db4d9b",
	"94ccc537-cc61-4393-93c5-36f8639d10f7",
	"00000000-0000-0000-0000-000000000000");
INSERT INTO SM_TAH
	VALUES ("870d8498-da7b-4bee-845f-9e0bd6a6c655",
	"9ca5c19c-f232-4fcc-abd0-3e556dc22984",
	"6c3e3f23-340f-4fdd-ac40-54d39d08b001");
INSERT INTO SM_AH
	VALUES ("870d8498-da7b-4bee-845f-9e0bd6a6c655",
	"9ca5c19c-f232-4fcc-abd0-3e556dc22984");
INSERT INTO SM_ACT
	VALUES ("870d8498-da7b-4bee-845f-9e0bd6a6c655",
	"9ca5c19c-f232-4fcc-abd0-3e556dc22984",
	1,
	'',
	'',
	0);
INSERT INTO ACT_TAB
	VALUES ("15f50def-8cc4-4dc6-bd31-2d3041652acd",
	"9ca5c19c-f232-4fcc-abd0-3e556dc22984",
	"870d8498-da7b-4bee-845f-9e0bd6a6c655");
INSERT INTO ACT_ACT
	VALUES ("15f50def-8cc4-4dc6-bd31-2d3041652acd",
	'transition',
	0,
	"a9f80cc6-ff5c-4aee-8b5c-0a9028ba57ed",
	"00000000-0000-0000-0000-000000000000",
	0,
	'PaymentMachine19: Rejected',
	"00000000-0000-0000-0000-000000000000");
INSERT INTO ACT_BLK
	VALUES ("a9f80cc6-ff5c-4aee-8b5c-0a9028ba57ed",
	0,
	0,
	0,
	'',
	'',
	'',
	0,
	0,
	0,
	0,
	0,
	0,
	0,
	0,
	0,
	0,
	0,
	0,
	0,
	"15f50def-8cc4-4dc6-bd31-2d3041652acd",
	"00000000-0000-0000-0000-000000000000");
INSERT INTO SM_TXN
	VALUES ("6c3e3f23-340f-4fdd-ac40-54d39d08b001",
	"9ca5c19c-f232-4fcc-abd0-3e556dc22984",
	"8021b38d-93d3-4677-9e6a-88cf08b1e77e",
	"00000000-0000-0000-0000-000000000000");
INSERT INTO SM_NSTXN
	VALUES ("56d864d3-1b4f-45ab-bf26-a1df536baa75",
	"9ca5c19c-f232-4fcc-abd0-3e556dc22984",
	"0f84b39e-cf41-46d9-94f6-8ca2e3db4d9b",
	"ea1494d4-6126-4bfa-8e9f-cf9e30b866e1",
	"00000000-0000-0000-0000-000000000000");
INSERT INTO SM_TAH
	VALUES ("1f98f352-efa7-4efa-9c0f-b1c875a31d47",
	"9ca5c19c-f232-4fcc-abd0-3e556dc22984",
	"56d864d3-1b4f-45ab-bf26-a1df536baa75");
INSERT INTO SM_AH
	VALUES ("1f98f352-efa7-4efa-9c0f-b1c875a31d47",
	"9ca5c19c-f232-4fcc-abd0-3e556dc22984");
INSERT INTO SM_ACT
	VALUES ("1f98f352-efa7-4efa-9c0f-b1c875a31d47",
	"9ca5c19c-f232-4fcc-abd0-3e556dc22984",
	1,
	'',
	'',
	0);
INSERT INTO ACT_TAB
	VALUES ("25fd0819-d48a-44f4-b200-59e9b550291f",
	"9ca5c19c-f232-4fcc-abd0-3e556dc22984",
	"1f98f352-efa7-4efa-9c0f-b1c875a31d47");
INSERT INTO ACT_ACT
	VALUES ("25fd0819-d48a-44f4-b200-59e9b550291f",
	'transition',
	0,
	"3dd8b0e0-7033-43ea-a8ed-471c6505750c",
	"00000000-0000-0000-0000-000000000000",
	0,
	'PaymentMachine20: Accepted',
	"00000000-0000-0000-0000-000000000000");
INSERT INTO ACT_BLK
	VALUES ("3dd8b0e0-7033-43ea-a8ed-471c6505750c",
	0,
	0,
	0,
	'',
	'',
	'',
	0,
	0,
	0,
	0,
	0,
	0,
	0,
	0,
	0,
	0,
	0,
	0,
	0,
	"25fd0819-d48a-44f4-b200-59e9b550291f",
	"00000000-0000-0000-0000-000000000000");
INSERT INTO SM_TXN
	VALUES ("56d864d3-1b4f-45ab-bf26-a1df536baa75",
	"9ca5c19c-f232-4fcc-abd0-3e556dc22984",
	"8d799fbc-f992-498f-8e44-6bab0efef149",
	"00000000-0000-0000-0000-000000000000");
INSERT INTO SM_NSTXN
	VALUES ("51474f00-d65a-4896-8b4d-b456b1984fe8",
	"9ca5c19c-f232-4fcc-abd0-3e556dc22984",
	"8d799fbc-f992-498f-8e44-6bab0efef149",
	"d50db7fe-a16b-4165-b400-eb4ed206acf8",
	"00000000-0000-0000-0000-000000000000");
INSERT INTO SM_TAH
	VALUES ("31fd1d59-402b-4bec-8f1c-12c4b9e50fee",
	"9ca5c19c-f232-4fcc-abd0-3e556dc22984",
	"51474f00-d65a-4896-8b4d-b456b1984fe8");
INSERT INTO SM_AH
	VALUES ("31fd1d59-402b-4bec-8f1c-12c4b9e50fee",
	"9ca5c19c-f232-4fcc-abd0-3e556dc22984");
INSERT INTO SM_ACT
	VALUES ("31fd1d59-402b-4bec-8f1c-12c4b9e50fee",
	"9ca5c19c-f232-4fcc-abd0-3e556dc22984",
	1,
	'',
	'',
	0);
INSERT INTO ACT_TAB
	VALUES ("e7f010c8-aa4d-4945-8f9a-268f59049afa",
	"9ca5c19c-f232-4fcc-abd0-3e556dc22984",
	"31fd1d59-402b-4bec-8f1c-12c4b9e50fee");
INSERT INTO ACT_ACT
	VALUES ("e7f010c8-aa4d-4945-8f9a-268f59049afa",
	'transition',
	0,
	"07a1123c-8d75-4b79-83c6-741d87b3ac19",
	"00000000-0000-0000-0000-000000000000",
	0,
	'PaymentMachine22: Currency Less than Required ',
	"00000000-0000-0000-0000-000000000000");
INSERT INTO ACT_BLK
	VALUES ("07a1123c-8d75-4b79-83c6-741d87b3ac19",
	0,
	0,
	0,
	'',
	'',
	'',
	0,
	0,
	0,
	0,
	0,
	0,
	0,
	0,
	0,
	0,
	0,
	0,
	0,
	"e7f010c8-aa4d-4945-8f9a-268f59049afa",
	"00000000-0000-0000-0000-000000000000");
INSERT INTO SM_TXN
	VALUES ("51474f00-d65a-4896-8b4d-b456b1984fe8",
	"9ca5c19c-f232-4fcc-abd0-3e556dc22984",
	"8021b38d-93d3-4677-9e6a-88cf08b1e77e",
	"00000000-0000-0000-0000-000000000000");
INSERT INTO SM_NSTXN
	VALUES ("f7a346fd-1b9a-435c-9e69-09f148714370",
	"9ca5c19c-f232-4fcc-abd0-3e556dc22984",
	"8b271aeb-2436-4e47-9c01-fa02de47746c",
	"ab1bd482-2474-43d3-8fd5-68232585b8c8",
	"00000000-0000-0000-0000-000000000000");
INSERT INTO SM_TAH
	VALUES ("b4da8b91-379e-4bd0-9ecb-4bfc7e2322db",
	"9ca5c19c-f232-4fcc-abd0-3e556dc22984",
	"f7a346fd-1b9a-435c-9e69-09f148714370");
INSERT INTO SM_AH
	VALUES ("b4da8b91-379e-4bd0-9ecb-4bfc7e2322db",
	"9ca5c19c-f232-4fcc-abd0-3e556dc22984");
INSERT INTO SM_ACT
	VALUES ("b4da8b91-379e-4bd0-9ecb-4bfc7e2322db",
	"9ca5c19c-f232-4fcc-abd0-3e556dc22984",
	1,
	'',
	'',
	0);
INSERT INTO ACT_TAB
	VALUES ("6d9974a1-8f16-488f-b1ea-8dbd570a2c1a",
	"9ca5c19c-f232-4fcc-abd0-3e556dc22984",
	"b4da8b91-379e-4bd0-9ecb-4bfc7e2322db");
INSERT INTO ACT_ACT
	VALUES ("6d9974a1-8f16-488f-b1ea-8dbd570a2c1a",
	'transition',
	0,
	"1d34acf2-e838-4157-88fb-71b78a8d2a96",
	"00000000-0000-0000-0000-000000000000",
	0,
	'PaymentMachine12: Accept Overpayment',
	"00000000-0000-0000-0000-000000000000");
INSERT INTO ACT_BLK
	VALUES ("1d34acf2-e838-4157-88fb-71b78a8d2a96",
	0,
	0,
	0,
	'',
	'',
	'',
	0,
	0,
	0,
	0,
	0,
	0,
	0,
	0,
	0,
	0,
	0,
	0,
	0,
	"6d9974a1-8f16-488f-b1ea-8dbd570a2c1a",
	"00000000-0000-0000-0000-000000000000");
INSERT INTO SM_TXN
	VALUES ("f7a346fd-1b9a-435c-9e69-09f148714370",
	"9ca5c19c-f232-4fcc-abd0-3e556dc22984",
	"c264a6ab-097a-427a-b09d-7722288e7eac",
	"00000000-0000-0000-0000-000000000000");
INSERT INTO SM_NSTXN
	VALUES ("f203a237-6ed2-480e-a3dd-444287c45931",
	"9ca5c19c-f232-4fcc-abd0-3e556dc22984",
	"c264a6ab-097a-427a-b09d-7722288e7eac",
	"4faad3b0-9e13-40be-8ed8-b00524179f25",
	"00000000-0000-0000-0000-000000000000");
INSERT INTO SM_TAH
	VALUES ("f9dee36b-930c-470c-bf9f-0346dd9af116",
	"9ca5c19c-f232-4fcc-abd0-3e556dc22984",
	"f203a237-6ed2-480e-a3dd-444287c45931");
INSERT INTO SM_AH
	VALUES ("f9dee36b-930c-470c-bf9f-0346dd9af116",
	"9ca5c19c-f232-4fcc-abd0-3e556dc22984");
INSERT INTO SM_ACT
	VALUES ("f9dee36b-930c-470c-bf9f-0346dd9af116",
	"9ca5c19c-f232-4fcc-abd0-3e556dc22984",
	1,
	'// Calculate ExitDeadline => Current time + 15 min
//Print ExitDeadline on the ticket 
//return ticket  
/*CalculateExitDeadLine()
PrintOnTicket(ExitDeadLine:integer)*/
',
	'',
	0);
INSERT INTO ACT_TAB
	VALUES ("977562d9-68bd-4801-9f5c-047eb2041ab4",
	"9ca5c19c-f232-4fcc-abd0-3e556dc22984",
	"f9dee36b-930c-470c-bf9f-0346dd9af116");
INSERT INTO ACT_ACT
	VALUES ("977562d9-68bd-4801-9f5c-047eb2041ab4",
	'transition',
	0,
	"8b4d0c8c-adea-47ad-b18e-8dfb94965054",
	"00000000-0000-0000-0000-000000000000",
	0,
	'PaymentMachine17: Completed',
	"00000000-0000-0000-0000-000000000000");
INSERT INTO ACT_BLK
	VALUES ("8b4d0c8c-adea-47ad-b18e-8dfb94965054",
	0,
	0,
	0,
	'',
	'',
	'',
	0,
	0,
	0,
	0,
	0,
	0,
	0,
	0,
	0,
	0,
	0,
	0,
	0,
	"977562d9-68bd-4801-9f5c-047eb2041ab4",
	"00000000-0000-0000-0000-000000000000");
INSERT INTO SM_TXN
	VALUES ("f203a237-6ed2-480e-a3dd-444287c45931",
	"9ca5c19c-f232-4fcc-abd0-3e556dc22984",
	"188a96e4-0d11-4735-a236-f002abb7736b",
	"00000000-0000-0000-0000-000000000000");
INSERT INTO SM_NSTXN
	VALUES ("8eb367e5-ca00-4885-85fe-3e5f13e52075",
	"9ca5c19c-f232-4fcc-abd0-3e556dc22984",
	"8b271aeb-2436-4e47-9c01-fa02de47746c",
	"d935a083-8245-473b-aeb3-48ec0baf1a28",
	"00000000-0000-0000-0000-000000000000");
INSERT INTO SM_TAH
	VALUES ("74c56136-0253-44ce-8b52-5f09eb6cf22d",
	"9ca5c19c-f232-4fcc-abd0-3e556dc22984",
	"8eb367e5-ca00-4885-85fe-3e5f13e52075");
INSERT INTO SM_AH
	VALUES ("74c56136-0253-44ce-8b52-5f09eb6cf22d",
	"9ca5c19c-f232-4fcc-abd0-3e556dc22984");
INSERT INTO SM_ACT
	VALUES ("74c56136-0253-44ce-8b52-5f09eb6cf22d",
	"9ca5c19c-f232-4fcc-abd0-3e556dc22984",
	1,
	'',
	'',
	0);
INSERT INTO ACT_TAB
	VALUES ("8c34df18-8815-4f50-8c89-0ed11774e4c5",
	"9ca5c19c-f232-4fcc-abd0-3e556dc22984",
	"74c56136-0253-44ce-8b52-5f09eb6cf22d");
INSERT INTO ACT_ACT
	VALUES ("8c34df18-8815-4f50-8c89-0ed11774e4c5",
	'transition',
	0,
	"9816ef3b-c529-456d-9ab2-d8a6671eb942",
	"00000000-0000-0000-0000-000000000000",
	0,
	'PaymentMachine14: Cancel',
	"00000000-0000-0000-0000-000000000000");
INSERT INTO ACT_BLK
	VALUES ("9816ef3b-c529-456d-9ab2-d8a6671eb942",
	0,
	0,
	0,
	'',
	'',
	'',
	0,
	0,
	0,
	0,
	0,
	0,
	0,
	0,
	0,
	0,
	0,
	0,
	0,
	"8c34df18-8815-4f50-8c89-0ed11774e4c5",
	"00000000-0000-0000-0000-000000000000");
INSERT INTO SM_TXN
	VALUES ("8eb367e5-ca00-4885-85fe-3e5f13e52075",
	"9ca5c19c-f232-4fcc-abd0-3e556dc22984",
	"ad8228c7-552d-40aa-b70a-967fa2beec26",
	"00000000-0000-0000-0000-000000000000");
INSERT INTO SM_NSTXN
	VALUES ("3a7a7b35-1049-4ef5-b5f5-93ef78366246",
	"9ca5c19c-f232-4fcc-abd0-3e556dc22984",
	"8d799fbc-f992-498f-8e44-6bab0efef149",
	"d935a083-8245-473b-aeb3-48ec0baf1a28",
	"00000000-0000-0000-0000-000000000000");
INSERT INTO SM_TAH
	VALUES ("e989d8eb-d2d9-4760-913a-1247bc58d7f6",
	"9ca5c19c-f232-4fcc-abd0-3e556dc22984",
	"3a7a7b35-1049-4ef5-b5f5-93ef78366246");
INSERT INTO SM_AH
	VALUES ("e989d8eb-d2d9-4760-913a-1247bc58d7f6",
	"9ca5c19c-f232-4fcc-abd0-3e556dc22984");
INSERT INTO SM_ACT
	VALUES ("e989d8eb-d2d9-4760-913a-1247bc58d7f6",
	"9ca5c19c-f232-4fcc-abd0-3e556dc22984",
	1,
	'',
	'',
	0);
INSERT INTO ACT_TAB
	VALUES ("0677f422-c3ca-4723-8ae9-08a084466c37",
	"9ca5c19c-f232-4fcc-abd0-3e556dc22984",
	"e989d8eb-d2d9-4760-913a-1247bc58d7f6");
INSERT INTO ACT_ACT
	VALUES ("0677f422-c3ca-4723-8ae9-08a084466c37",
	'transition',
	0,
	"80bdbf9f-1603-4542-b06c-b4e85d0334f9",
	"00000000-0000-0000-0000-000000000000",
	0,
	'PaymentMachine14: Cancel',
	"00000000-0000-0000-0000-000000000000");
INSERT INTO ACT_BLK
	VALUES ("80bdbf9f-1603-4542-b06c-b4e85d0334f9",
	0,
	0,
	0,
	'',
	'',
	'',
	0,
	0,
	0,
	0,
	0,
	0,
	0,
	0,
	0,
	0,
	0,
	0,
	0,
	"0677f422-c3ca-4723-8ae9-08a084466c37",
	"00000000-0000-0000-0000-000000000000");
INSERT INTO SM_TXN
	VALUES ("3a7a7b35-1049-4ef5-b5f5-93ef78366246",
	"9ca5c19c-f232-4fcc-abd0-3e556dc22984",
	"ad8228c7-552d-40aa-b70a-967fa2beec26",
	"00000000-0000-0000-0000-000000000000");
INSERT INTO SM_NSTXN
	VALUES ("88105b60-33c3-49d0-9ab5-fc690c12d29e",
	"9ca5c19c-f232-4fcc-abd0-3e556dc22984",
	"8021b38d-93d3-4677-9e6a-88cf08b1e77e",
	"d935a083-8245-473b-aeb3-48ec0baf1a28",
	"00000000-0000-0000-0000-000000000000");
INSERT INTO SM_TAH
	VALUES ("024f2ed3-a8ce-42d3-8714-7bbd56b7444e",
	"9ca5c19c-f232-4fcc-abd0-3e556dc22984",
	"88105b60-33c3-49d0-9ab5-fc690c12d29e");
INSERT INTO SM_AH
	VALUES ("024f2ed3-a8ce-42d3-8714-7bbd56b7444e",
	"9ca5c19c-f232-4fcc-abd0-3e556dc22984");
INSERT INTO SM_ACT
	VALUES ("024f2ed3-a8ce-42d3-8714-7bbd56b7444e",
	"9ca5c19c-f232-4fcc-abd0-3e556dc22984",
	1,
	'',
	'',
	0);
INSERT INTO ACT_TAB
	VALUES ("fdb151b4-2ca4-4925-887a-b4fdeccd1049",
	"9ca5c19c-f232-4fcc-abd0-3e556dc22984",
	"024f2ed3-a8ce-42d3-8714-7bbd56b7444e");
INSERT INTO ACT_ACT
	VALUES ("fdb151b4-2ca4-4925-887a-b4fdeccd1049",
	'transition',
	0,
	"14cddba4-a707-420b-8c4f-5e799799af3a",
	"00000000-0000-0000-0000-000000000000",
	0,
	'PaymentMachine14: Cancel',
	"00000000-0000-0000-0000-000000000000");
INSERT INTO ACT_BLK
	VALUES ("14cddba4-a707-420b-8c4f-5e799799af3a",
	0,
	0,
	0,
	'',
	'',
	'',
	0,
	0,
	0,
	0,
	0,
	0,
	0,
	0,
	0,
	0,
	0,
	0,
	0,
	"fdb151b4-2ca4-4925-887a-b4fdeccd1049",
	"00000000-0000-0000-0000-000000000000");
INSERT INTO SM_TXN
	VALUES ("88105b60-33c3-49d0-9ab5-fc690c12d29e",
	"9ca5c19c-f232-4fcc-abd0-3e556dc22984",
	"ad8228c7-552d-40aa-b70a-967fa2beec26",
	"00000000-0000-0000-0000-000000000000");
INSERT INTO SM_NSTXN
	VALUES ("e192f6f6-6b72-4280-82e2-827b63377bcb",
	"9ca5c19c-f232-4fcc-abd0-3e556dc22984",
	"ad8228c7-552d-40aa-b70a-967fa2beec26",
	"4faad3b0-9e13-40be-8ed8-b00524179f25",
	"00000000-0000-0000-0000-000000000000");
INSERT INTO SM_TAH
	VALUES ("2d49f719-8f01-4ce1-8f79-1ca494275b12",
	"9ca5c19c-f232-4fcc-abd0-3e556dc22984",
	"e192f6f6-6b72-4280-82e2-827b63377bcb");
INSERT INTO SM_AH
	VALUES ("2d49f719-8f01-4ce1-8f79-1ca494275b12",
	"9ca5c19c-f232-4fcc-abd0-3e556dc22984");
INSERT INTO SM_ACT
	VALUES ("2d49f719-8f01-4ce1-8f79-1ca494275b12",
	"9ca5c19c-f232-4fcc-abd0-3e556dc22984",
	1,
	'',
	'',
	0);
INSERT INTO ACT_TAB
	VALUES ("d033fb3d-2759-452b-b3d2-57e6330bf9a7",
	"9ca5c19c-f232-4fcc-abd0-3e556dc22984",
	"2d49f719-8f01-4ce1-8f79-1ca494275b12");
INSERT INTO ACT_ACT
	VALUES ("d033fb3d-2759-452b-b3d2-57e6330bf9a7",
	'transition',
	0,
	"1c57aa4d-b2c4-409b-beeb-3f70c0ddcdd7",
	"00000000-0000-0000-0000-000000000000",
	0,
	'PaymentMachine17: Completed',
	"00000000-0000-0000-0000-000000000000");
INSERT INTO ACT_BLK
	VALUES ("1c57aa4d-b2c4-409b-beeb-3f70c0ddcdd7",
	0,
	0,
	0,
	'',
	'',
	'',
	0,
	0,
	0,
	0,
	0,
	0,
	0,
	0,
	0,
	0,
	0,
	0,
	0,
	"d033fb3d-2759-452b-b3d2-57e6330bf9a7",
	"00000000-0000-0000-0000-000000000000");
INSERT INTO SM_TXN
	VALUES ("e192f6f6-6b72-4280-82e2-827b63377bcb",
	"9ca5c19c-f232-4fcc-abd0-3e556dc22984",
	"188a96e4-0d11-4735-a236-f002abb7736b",
	"00000000-0000-0000-0000-000000000000");
INSERT INTO SM_NSTXN
	VALUES ("a515467e-e0d5-4700-af5a-24b6e487d760",
	"9ca5c19c-f232-4fcc-abd0-3e556dc22984",
	"8d799fbc-f992-498f-8e44-6bab0efef149",
	"1b6b5ef5-d13f-401a-8035-f11b81e858f7",
	"00000000-0000-0000-0000-000000000000");
INSERT INTO SM_TAH
	VALUES ("40676e51-70ce-45f2-b662-33195ca48559",
	"9ca5c19c-f232-4fcc-abd0-3e556dc22984",
	"a515467e-e0d5-4700-af5a-24b6e487d760");
INSERT INTO SM_AH
	VALUES ("40676e51-70ce-45f2-b662-33195ca48559",
	"9ca5c19c-f232-4fcc-abd0-3e556dc22984");
INSERT INTO SM_ACT
	VALUES ("40676e51-70ce-45f2-b662-33195ca48559",
	"9ca5c19c-f232-4fcc-abd0-3e556dc22984",
	1,
	'',
	'',
	0);
INSERT INTO ACT_TAB
	VALUES ("9d2482e8-83f9-48a7-aa47-64b30053dca1",
	"9ca5c19c-f232-4fcc-abd0-3e556dc22984",
	"40676e51-70ce-45f2-b662-33195ca48559");
INSERT INTO ACT_ACT
	VALUES ("9d2482e8-83f9-48a7-aa47-64b30053dca1",
	'transition',
	0,
	"c40a3cae-b6dc-42fa-9e67-621d78de1aac",
	"00000000-0000-0000-0000-000000000000",
	0,
	'PaymentMachine11: Is Unavailable',
	"00000000-0000-0000-0000-000000000000");
INSERT INTO ACT_BLK
	VALUES ("c40a3cae-b6dc-42fa-9e67-621d78de1aac",
	0,
	0,
	0,
	'',
	'',
	'',
	0,
	0,
	0,
	0,
	0,
	0,
	0,
	0,
	0,
	0,
	0,
	0,
	0,
	"9d2482e8-83f9-48a7-aa47-64b30053dca1",
	"00000000-0000-0000-0000-000000000000");
INSERT INTO SM_TXN
	VALUES ("a515467e-e0d5-4700-af5a-24b6e487d760",
	"9ca5c19c-f232-4fcc-abd0-3e556dc22984",
	"8b271aeb-2436-4e47-9c01-fa02de47746c",
	"00000000-0000-0000-0000-000000000000");
INSERT INTO SM_NSTXN
	VALUES ("d532a141-6b70-44c4-af56-8b3cf0a2d682",
	"9ca5c19c-f232-4fcc-abd0-3e556dc22984",
	"8d799fbc-f992-498f-8e44-6bab0efef149",
	"dc78f742-0603-4f83-8e83-13a01fc5bfed",
	"00000000-0000-0000-0000-000000000000");
INSERT INTO SM_TAH
	VALUES ("12de26b9-93e4-4f8a-ba39-7f0e37920d07",
	"9ca5c19c-f232-4fcc-abd0-3e556dc22984",
	"d532a141-6b70-44c4-af56-8b3cf0a2d682");
INSERT INTO SM_AH
	VALUES ("12de26b9-93e4-4f8a-ba39-7f0e37920d07",
	"9ca5c19c-f232-4fcc-abd0-3e556dc22984");
INSERT INTO SM_ACT
	VALUES ("12de26b9-93e4-4f8a-ba39-7f0e37920d07",
	"9ca5c19c-f232-4fcc-abd0-3e556dc22984",
	1,
	'DliverChange()',
	'',
	0);
INSERT INTO ACT_TAB
	VALUES ("b319dce3-69db-4b92-b1a4-64f28e76ee44",
	"9ca5c19c-f232-4fcc-abd0-3e556dc22984",
	"12de26b9-93e4-4f8a-ba39-7f0e37920d07");
INSERT INTO ACT_ACT
	VALUES ("b319dce3-69db-4b92-b1a4-64f28e76ee44",
	'transition',
	0,
	"5905fca3-70a6-4fa3-bbcf-c62dd1344cd9",
	"00000000-0000-0000-0000-000000000000",
	0,
	'PaymentMachine10: Is Available',
	"00000000-0000-0000-0000-000000000000");
INSERT INTO ACT_BLK
	VALUES ("5905fca3-70a6-4fa3-bbcf-c62dd1344cd9",
	0,
	0,
	0,
	'',
	'',
	'',
	1,
	1,
	0,
	0,
	0,
	0,
	0,
	0,
	0,
	0,
	0,
	0,
	0,
	"b319dce3-69db-4b92-b1a4-64f28e76ee44",
	"00000000-0000-0000-0000-000000000000");
INSERT INTO SM_TXN
	VALUES ("d532a141-6b70-44c4-af56-8b3cf0a2d682",
	"9ca5c19c-f232-4fcc-abd0-3e556dc22984",
	"c264a6ab-097a-427a-b09d-7722288e7eac",
	"00000000-0000-0000-0000-000000000000");
INSERT INTO PE_PE
	VALUES ("a0aab861-a662-4031-aded-38350d076a9e",
	1,
	"41a87cca-6276-45ff-81f5-b4cd00549b6e",
	"00000000-0000-0000-0000-000000000000",
	4);
INSERT INTO O_OBJ
	VALUES ("a0aab861-a662-4031-aded-38350d076a9e",
	'Slot',
	7,
	'Slot',
	'An area that the car occupies in the carpark. 
',
	"00000000-0000-0000-0000-000000000000");
INSERT INTO O_NBATTR
	VALUES ("80b458fa-4bf5-4a23-ba57-8aa3bf7e91d0",
	"a0aab861-a662-4031-aded-38350d076a9e");
INSERT INTO O_BATTR
	VALUES ("80b458fa-4bf5-4a23-ba57-8aa3bf7e91d0",
	"a0aab861-a662-4031-aded-38350d076a9e");
INSERT INTO O_ATTR
	VALUES ("80b458fa-4bf5-4a23-ba57-8aa3bf7e91d0",
	"a0aab861-a662-4031-aded-38350d076a9e",
	"00000000-0000-0000-0000-000000000000",
	'ID',
	'An arbitrary number identifying the parking slot, this value is visibly displayed at the physical slot.',
	'',
	'ID',
	0,
	"ba5eda7a-def5-0000-0000-000000000002",
	'',
	'');
INSERT INTO O_NBATTR
	VALUES ("4e87191e-5ac8-4fa6-a45a-f4af65a749b0",
	"a0aab861-a662-4031-aded-38350d076a9e");
INSERT INTO O_BATTR
	VALUES ("4e87191e-5ac8-4fa6-a45a-f4af65a749b0",
	"a0aab861-a662-4031-aded-38350d076a9e");
INSERT INTO O_ATTR
	VALUES ("4e87191e-5ac8-4fa6-a45a-f4af65a749b0",
	"a0aab861-a662-4031-aded-38350d076a9e",
	"80b458fa-4bf5-4a23-ba57-8aa3bf7e91d0",
	'IsOccupied',
	'Occupied when the car occupies the slot; empty otherwise.',
	'',
	'IsOccupied',
	0,
	"ba5eda7a-def5-0000-0000-000000000001",
	'',
	'');
INSERT INTO O_ID
	VALUES (0,
	"a0aab861-a662-4031-aded-38350d076a9e");
INSERT INTO O_OIDA
	VALUES ("80b458fa-4bf5-4a23-ba57-8aa3bf7e91d0",
	"a0aab861-a662-4031-aded-38350d076a9e",
	0,
	'ID');
INSERT INTO O_ID
	VALUES (1,
	"a0aab861-a662-4031-aded-38350d076a9e");
INSERT INTO O_ID
	VALUES (2,
	"a0aab861-a662-4031-aded-38350d076a9e");
INSERT INTO PE_PE
	VALUES ("159380e3-f2d5-46a0-9726-135834f2f030",
	1,
	"41a87cca-6276-45ff-81f5-b4cd00549b6e",
	"00000000-0000-0000-0000-000000000000",
	4);
INSERT INTO O_OBJ
	VALUES ("159380e3-f2d5-46a0-9726-135834f2f030",
	'TicketRequestButton',
	8,
	'TicketRequestButton',
	'The button that enables the cutomer to request a ticket.',
	"00000000-0000-0000-0000-000000000000");
INSERT INTO O_NBATTR
	VALUES ("1c0d3ebc-1d52-45bd-82f1-15a50c0da883",
	"159380e3-f2d5-46a0-9726-135834f2f030");
INSERT INTO O_BATTR
	VALUES ("1c0d3ebc-1d52-45bd-82f1-15a50c0da883",
	"159380e3-f2d5-46a0-9726-135834f2f030");
INSERT INTO O_ATTR
	VALUES ("1c0d3ebc-1d52-45bd-82f1-15a50c0da883",
	"159380e3-f2d5-46a0-9726-135834f2f030",
	"00000000-0000-0000-0000-000000000000",
	'Enabled',
	'',
	'',
	'Enabled',
	0,
	"ba5eda7a-def5-0000-0000-000000000001",
	'',
	'');
INSERT INTO O_ID
	VALUES (0,
	"159380e3-f2d5-46a0-9726-135834f2f030");
INSERT INTO O_ID
	VALUES (1,
	"159380e3-f2d5-46a0-9726-135834f2f030");
INSERT INTO O_ID
	VALUES (2,
	"159380e3-f2d5-46a0-9726-135834f2f030");
INSERT INTO PE_PE
	VALUES ("abf44062-5612-49b4-a45b-627ecdbff52f",
	1,
	"41a87cca-6276-45ff-81f5-b4cd00549b6e",
	"00000000-0000-0000-0000-000000000000",
	4);
INSERT INTO O_OBJ
	VALUES ("abf44062-5612-49b4-a45b-627ecdbff52f",
	'Ticket',
	2,
	'Ticket',
	'A record contains information about the vehicle entry and exit of the car park. The ticket is initiated once the ticket button is pressed. and issued if the car park is not full.',
	"00000000-0000-0000-0000-000000000000");
INSERT INTO O_NBATTR
	VALUES ("e4e0a0d6-66a7-4d73-9536-a668da1eacb4",
	"abf44062-5612-49b4-a45b-627ecdbff52f");
INSERT INTO O_BATTR
	VALUES ("e4e0a0d6-66a7-4d73-9536-a668da1eacb4",
	"abf44062-5612-49b4-a45b-627ecdbff52f");
INSERT INTO O_ATTR
	VALUES ("e4e0a0d6-66a7-4d73-9536-a668da1eacb4",
	"abf44062-5612-49b4-a45b-627ecdbff52f",
	"00000000-0000-0000-0000-000000000000",
	'ID',
	'',
	'',
	'ID',
	0,
	"ba5eda7a-def5-0000-0000-000000000005",
	'',
	'');
INSERT INTO O_NBATTR
	VALUES ("e0487da9-d262-49bf-b0ab-552565b59539",
	"abf44062-5612-49b4-a45b-627ecdbff52f");
INSERT INTO O_BATTR
	VALUES ("e0487da9-d262-49bf-b0ab-552565b59539",
	"abf44062-5612-49b4-a45b-627ecdbff52f");
INSERT INTO O_ATTR
	VALUES ("e0487da9-d262-49bf-b0ab-552565b59539",
	"abf44062-5612-49b4-a45b-627ecdbff52f",
	"e4e0a0d6-66a7-4d73-9536-a668da1eacb4",
	'EntryDateTime',
	'The date and time when the ticket was issued.
unit: seconds
origin: start of epoch 
',
	'',
	'EntryDateTime',
	0,
	"ba5eda7a-def5-0000-0000-000000000002",
	'',
	'');
INSERT INTO O_DBATTR
	VALUES ("051c3208-0c05-47a9-8f3a-42902f95f035",
	"abf44062-5612-49b4-a45b-627ecdbff52f",
	'',
	1,
	0);
INSERT INTO ACT_DAB
	VALUES ("95c7fadf-b41a-4e42-8f0e-6e8329d04f62",
	"abf44062-5612-49b4-a45b-627ecdbff52f",
	"051c3208-0c05-47a9-8f3a-42902f95f035",
	0);
INSERT INTO ACT_ACT
	VALUES ("95c7fadf-b41a-4e42-8f0e-6e8329d04f62",
	'derived attribute',
	0,
	"4f9e0fc5-2475-4fb8-a17e-f6bb8c5501c0",
	"00000000-0000-0000-0000-000000000000",
	0,
	'Ticket::Fee',
	"00000000-0000-0000-0000-000000000000");
INSERT INTO ACT_BLK
	VALUES ("4f9e0fc5-2475-4fb8-a17e-f6bb8c5501c0",
	0,
	0,
	0,
	'',
	'',
	'',
	0,
	0,
	0,
	0,
	0,
	0,
	0,
	0,
	0,
	0,
	0,
	0,
	0,
	"95c7fadf-b41a-4e42-8f0e-6e8329d04f62",
	"00000000-0000-0000-0000-000000000000");
INSERT INTO O_BATTR
	VALUES ("051c3208-0c05-47a9-8f3a-42902f95f035",
	"abf44062-5612-49b4-a45b-627ecdbff52f");
INSERT INTO O_ATTR
	VALUES ("051c3208-0c05-47a9-8f3a-42902f95f035",
	"abf44062-5612-49b4-a45b-627ecdbff52f",
	"e0487da9-d262-49bf-b0ab-552565b59539",
	'Fee',
	'The required amount to pay for a visit to the  park..
unit: Saudi Riyal
',
	'',
	'Fee',
	0,
	"ba5eda7a-def5-0000-0000-000000000003",
	'',
	'');
INSERT INTO O_NBATTR
	VALUES ("9f0d8664-3349-4cd6-9aef-d45ca7741ca3",
	"abf44062-5612-49b4-a45b-627ecdbff52f");
INSERT INTO O_BATTR
	VALUES ("9f0d8664-3349-4cd6-9aef-d45ca7741ca3",
	"abf44062-5612-49b4-a45b-627ecdbff52f");
INSERT INTO O_ATTR
	VALUES ("9f0d8664-3349-4cd6-9aef-d45ca7741ca3",
	"abf44062-5612-49b4-a45b-627ecdbff52f",
	"051c3208-0c05-47a9-8f3a-42902f95f035",
	'IsPaid',
	'Indicates the status of the payment.
True when the fee for the stay has been paid; false otherwise.
',
	'',
	'IsPaid',
	0,
	"ba5eda7a-def5-0000-0000-000000000001",
	'',
	'');
INSERT INTO O_DBATTR
	VALUES ("7597c7f4-308c-482d-afa1-c6f7cda579e3",
	"abf44062-5612-49b4-a45b-627ecdbff52f",
	'',
	1,
	0);
INSERT INTO ACT_DAB
	VALUES ("f8baa6ed-43aa-4eee-b761-782b861cb237",
	"abf44062-5612-49b4-a45b-627ecdbff52f",
	"7597c7f4-308c-482d-afa1-c6f7cda579e3",
	0);
INSERT INTO ACT_ACT
	VALUES ("f8baa6ed-43aa-4eee-b761-782b861cb237",
	'derived attribute',
	0,
	"4f9c2723-258a-4ae9-9f24-1596b490703a",
	"00000000-0000-0000-0000-000000000000",
	0,
	'Ticket::ExitDeadline',
	"00000000-0000-0000-0000-000000000000");
INSERT INTO ACT_BLK
	VALUES ("4f9c2723-258a-4ae9-9f24-1596b490703a",
	0,
	0,
	0,
	'',
	'',
	'',
	0,
	0,
	0,
	0,
	0,
	0,
	0,
	0,
	0,
	0,
	0,
	0,
	0,
	"f8baa6ed-43aa-4eee-b761-782b861cb237",
	"00000000-0000-0000-0000-000000000000");
INSERT INTO O_BATTR
	VALUES ("7597c7f4-308c-482d-afa1-c6f7cda579e3",
	"abf44062-5612-49b4-a45b-627ecdbff52f");
INSERT INTO O_ATTR
	VALUES ("7597c7f4-308c-482d-afa1-c6f7cda579e3",
	"abf44062-5612-49b4-a45b-627ecdbff52f",
	"9f0d8664-3349-4cd6-9aef-d45ca7741ca3",
	'ExitDeadline',
	'The date and time when the car must exit the car park to avoid incurring an additional fee.
unit: seconds
origin: start of epoch
',
	'',
	'ExitDeadline',
	0,
	"ba5eda7a-def5-0000-0000-000000000002",
	'',
	'');
INSERT INTO O_NBATTR
	VALUES ("90c1e138-89b7-4186-b7ad-1b931502f10b",
	"abf44062-5612-49b4-a45b-627ecdbff52f");
INSERT INTO O_BATTR
	VALUES ("90c1e138-89b7-4186-b7ad-1b931502f10b",
	"abf44062-5612-49b4-a45b-627ecdbff52f");
INSERT INTO O_ATTR
	VALUES ("90c1e138-89b7-4186-b7ad-1b931502f10b",
	"abf44062-5612-49b4-a45b-627ecdbff52f",
	"7597c7f4-308c-482d-afa1-c6f7cda579e3",
	'ExitDateTime',
	'The date and time when the car exited the car park 
unit: seconds
origin: start of epoch 

',
	'',
	'ExitDateTime',
	0,
	"ba5eda7a-def5-0000-0000-000000000002",
	'',
	'');
INSERT INTO O_NBATTR
	VALUES ("e65923d4-8870-4592-9194-f197c37f8f66",
	"abf44062-5612-49b4-a45b-627ecdbff52f");
INSERT INTO O_BATTR
	VALUES ("e65923d4-8870-4592-9194-f197c37f8f66",
	"abf44062-5612-49b4-a45b-627ecdbff52f");
INSERT INTO O_ATTR
	VALUES ("e65923d4-8870-4592-9194-f197c37f8f66",
	"abf44062-5612-49b4-a45b-627ecdbff52f",
	"90c1e138-89b7-4186-b7ad-1b931502f10b",
	'Status',
	'Issued once the ticket is printed out; queued if the car park is full
',
	'',
	'Status',
	0,
	"23ed86f1-449f-4a24-9ead-66a565a62791",
	'',
	'');
INSERT INTO O_ID
	VALUES (0,
	"abf44062-5612-49b4-a45b-627ecdbff52f");
INSERT INTO O_OIDA
	VALUES ("e4e0a0d6-66a7-4d73-9536-a668da1eacb4",
	"abf44062-5612-49b4-a45b-627ecdbff52f",
	0,
	'ID');
INSERT INTO O_ID
	VALUES (1,
	"abf44062-5612-49b4-a45b-627ecdbff52f");
INSERT INTO O_ID
	VALUES (2,
	"abf44062-5612-49b4-a45b-627ecdbff52f");
INSERT INTO PE_PE
	VALUES ("7ed5aaeb-09f7-4129-8553-c2c05f685c7d",
	1,
	"41a87cca-6276-45ff-81f5-b4cd00549b6e",
	"00000000-0000-0000-0000-000000000000",
	4);
INSERT INTO O_OBJ
	VALUES ("7ed5aaeb-09f7-4129-8553-c2c05f685c7d",
	'Stand',
	10,
	'Stand',
	'Represents a physical entry or exit stand within the car park.
',
	"00000000-0000-0000-0000-000000000000");
INSERT INTO O_NBATTR
	VALUES ("152334ad-94ee-4233-bb17-cd104741ee18",
	"7ed5aaeb-09f7-4129-8553-c2c05f685c7d");
INSERT INTO O_BATTR
	VALUES ("152334ad-94ee-4233-bb17-cd104741ee18",
	"7ed5aaeb-09f7-4129-8553-c2c05f685c7d");
INSERT INTO O_ATTR
	VALUES ("152334ad-94ee-4233-bb17-cd104741ee18",
	"7ed5aaeb-09f7-4129-8553-c2c05f685c7d",
	"00000000-0000-0000-0000-000000000000",
	'Type',
	'The function of the stand in the car park. 
',
	'',
	'Type',
	0,
	"b6e28bb9-f718-450c-8c6d-a9f4bc743851",
	'',
	'');
INSERT INTO O_NBATTR
	VALUES ("a66d732c-ddaa-4a83-b935-c575e7ffeee0",
	"7ed5aaeb-09f7-4129-8553-c2c05f685c7d");
INSERT INTO O_BATTR
	VALUES ("a66d732c-ddaa-4a83-b935-c575e7ffeee0",
	"7ed5aaeb-09f7-4129-8553-c2c05f685c7d");
INSERT INTO O_ATTR
	VALUES ("a66d732c-ddaa-4a83-b935-c575e7ffeee0",
	"7ed5aaeb-09f7-4129-8553-c2c05f685c7d",
	"152334ad-94ee-4233-bb17-cd104741ee18",
	'Location',
	'The place where the stand is installed in the car park. 
',
	'',
	'Location',
	0,
	"90e0b169-2c73-4da6-adde-fbffa382abb4",
	'',
	'');
INSERT INTO O_NBATTR
	VALUES ("9381dfdc-f3cd-45db-8782-ce98207ccd96",
	"7ed5aaeb-09f7-4129-8553-c2c05f685c7d");
INSERT INTO O_BATTR
	VALUES ("9381dfdc-f3cd-45db-8782-ce98207ccd96",
	"7ed5aaeb-09f7-4129-8553-c2c05f685c7d");
INSERT INTO O_ATTR
	VALUES ("9381dfdc-f3cd-45db-8782-ce98207ccd96",
	"7ed5aaeb-09f7-4129-8553-c2c05f685c7d",
	"a66d732c-ddaa-4a83-b935-c575e7ffeee0",
	'Lane',
	'A number to identify the lane at the entry/exit point.',
	'',
	'Lane',
	0,
	"ba5eda7a-def5-0000-0000-000000000002",
	'',
	'');
INSERT INTO O_ID
	VALUES (0,
	"7ed5aaeb-09f7-4129-8553-c2c05f685c7d");
INSERT INTO O_OIDA
	VALUES ("152334ad-94ee-4233-bb17-cd104741ee18",
	"7ed5aaeb-09f7-4129-8553-c2c05f685c7d",
	0,
	'Type');
INSERT INTO O_OIDA
	VALUES ("a66d732c-ddaa-4a83-b935-c575e7ffeee0",
	"7ed5aaeb-09f7-4129-8553-c2c05f685c7d",
	0,
	'Location');
INSERT INTO O_OIDA
	VALUES ("9381dfdc-f3cd-45db-8782-ce98207ccd96",
	"7ed5aaeb-09f7-4129-8553-c2c05f685c7d",
	0,
	'Lane');
INSERT INTO O_ID
	VALUES (1,
	"7ed5aaeb-09f7-4129-8553-c2c05f685c7d");
INSERT INTO O_ID
	VALUES (2,
	"7ed5aaeb-09f7-4129-8553-c2c05f685c7d");
INSERT INTO PE_PE
	VALUES ("a34d5dc0-6fb6-47a2-981d-e3dbd352ee62",
	1,
	"41a87cca-6276-45ff-81f5-b4cd00549b6e",
	"00000000-0000-0000-0000-000000000000",
	4);
INSERT INTO O_OBJ
	VALUES ("a34d5dc0-6fb6-47a2-981d-e3dbd352ee62",
	'Sensor',
	1,
	'Sensor',
	'Electronic device used to detect the presence of the vehicle.',
	"00000000-0000-0000-0000-000000000000");
INSERT INTO O_NBATTR
	VALUES ("746047c8-8a10-40d5-855c-2e1e1efc902b",
	"a34d5dc0-6fb6-47a2-981d-e3dbd352ee62");
INSERT INTO O_BATTR
	VALUES ("746047c8-8a10-40d5-855c-2e1e1efc902b",
	"a34d5dc0-6fb6-47a2-981d-e3dbd352ee62");
INSERT INTO O_ATTR
	VALUES ("746047c8-8a10-40d5-855c-2e1e1efc902b",
	"a34d5dc0-6fb6-47a2-981d-e3dbd352ee62",
	"00000000-0000-0000-0000-000000000000",
	'Type',
	'Represents the sensor''s function in the carpark.',
	'',
	'Type',
	0,
	"50ca5a3a-e906-40f3-a875-74c13647ea00",
	'',
	'');
INSERT INTO O_NBATTR
	VALUES ("ddb8ef25-9802-41be-b201-d9f74fad71b8",
	"a34d5dc0-6fb6-47a2-981d-e3dbd352ee62");
INSERT INTO O_BATTR
	VALUES ("ddb8ef25-9802-41be-b201-d9f74fad71b8",
	"a34d5dc0-6fb6-47a2-981d-e3dbd352ee62");
INSERT INTO O_ATTR
	VALUES ("ddb8ef25-9802-41be-b201-d9f74fad71b8",
	"a34d5dc0-6fb6-47a2-981d-e3dbd352ee62",
	"746047c8-8a10-40d5-855c-2e1e1efc902b",
	'SerialNumber',
	'a unique number that identifies the sensor',
	'',
	'SerialNumber',
	0,
	"ba5eda7a-def5-0000-0000-000000000002",
	'',
	'');
INSERT INTO O_ID
	VALUES (0,
	"a34d5dc0-6fb6-47a2-981d-e3dbd352ee62");
INSERT INTO O_OIDA
	VALUES ("ddb8ef25-9802-41be-b201-d9f74fad71b8",
	"a34d5dc0-6fb6-47a2-981d-e3dbd352ee62",
	0,
	'SerialNumber');
INSERT INTO O_ID
	VALUES (1,
	"a34d5dc0-6fb6-47a2-981d-e3dbd352ee62");
INSERT INTO O_ID
	VALUES (2,
	"a34d5dc0-6fb6-47a2-981d-e3dbd352ee62");
INSERT INTO PE_PE
	VALUES ("e4e0078e-970f-4884-bf2c-3a17327e9525",
	1,
	"41a87cca-6276-45ff-81f5-b4cd00549b6e",
	"00000000-0000-0000-0000-000000000000",
	9);
INSERT INTO R_REL
	VALUES ("e4e0078e-970f-4884-bf2c-3a17327e9525",
	2,
	'Each TicketRequestButton is built in one entry stand, And this relationship is established during initialization and is never removed.',
	"00000000-0000-0000-0000-000000000000");
INSERT INTO R_SIMP
	VALUES ("e4e0078e-970f-4884-bf2c-3a17327e9525");
INSERT INTO R_PART
	VALUES ("159380e3-f2d5-46a0-9726-135834f2f030",
	"e4e0078e-970f-4884-bf2c-3a17327e9525",
	"2178f19a-891a-4833-a573-bf40ac6fe542",
	0,
	1,
	'has');
INSERT INTO R_RTO
	VALUES ("159380e3-f2d5-46a0-9726-135834f2f030",
	"e4e0078e-970f-4884-bf2c-3a17327e9525",
	"2178f19a-891a-4833-a573-bf40ac6fe542",
	-1);
INSERT INTO R_OIR
	VALUES ("159380e3-f2d5-46a0-9726-135834f2f030",
	"e4e0078e-970f-4884-bf2c-3a17327e9525",
	"2178f19a-891a-4833-a573-bf40ac6fe542",
	"00000000-0000-0000-0000-000000000000");
INSERT INTO R_PART
	VALUES ("7ed5aaeb-09f7-4129-8553-c2c05f685c7d",
	"e4e0078e-970f-4884-bf2c-3a17327e9525",
	"a17e2141-5917-495c-a5d4-a5d50d961e7e",
	0,
	0,
	'Built in');
INSERT INTO R_RTO
	VALUES ("7ed5aaeb-09f7-4129-8553-c2c05f685c7d",
	"e4e0078e-970f-4884-bf2c-3a17327e9525",
	"a17e2141-5917-495c-a5d4-a5d50d961e7e",
	-1);
INSERT INTO R_OIR
	VALUES ("7ed5aaeb-09f7-4129-8553-c2c05f685c7d",
	"e4e0078e-970f-4884-bf2c-3a17327e9525",
	"a17e2141-5917-495c-a5d4-a5d50d961e7e",
	"00000000-0000-0000-0000-000000000000");
INSERT INTO PE_PE
	VALUES ("2a55d869-9822-42ab-9262-ffd449e1d774",
	1,
	"41a87cca-6276-45ff-81f5-b4cd00549b6e",
	"00000000-0000-0000-0000-000000000000",
	9);
INSERT INTO R_REL
	VALUES ("2a55d869-9822-42ab-9262-ffd449e1d774",
	3,
	'The stand has a boom, And this relationship is established when the boom is installed in the corresponding stand and never removed.',
	"00000000-0000-0000-0000-000000000000");
INSERT INTO R_SIMP
	VALUES ("2a55d869-9822-42ab-9262-ffd449e1d774");
INSERT INTO R_PART
	VALUES ("7ed5aaeb-09f7-4129-8553-c2c05f685c7d",
	"2a55d869-9822-42ab-9262-ffd449e1d774",
	"45ed8325-dbb4-42fe-af4e-697800345134",
	0,
	0,
	'belong to');
INSERT INTO R_RTO
	VALUES ("7ed5aaeb-09f7-4129-8553-c2c05f685c7d",
	"2a55d869-9822-42ab-9262-ffd449e1d774",
	"45ed8325-dbb4-42fe-af4e-697800345134",
	-1);
INSERT INTO R_OIR
	VALUES ("7ed5aaeb-09f7-4129-8553-c2c05f685c7d",
	"2a55d869-9822-42ab-9262-ffd449e1d774",
	"45ed8325-dbb4-42fe-af4e-697800345134",
	"00000000-0000-0000-0000-000000000000");
INSERT INTO R_PART
	VALUES ("946fb7d0-910b-4c32-97d5-1f4c7cad8868",
	"2a55d869-9822-42ab-9262-ffd449e1d774",
	"97f53774-99d3-489d-b398-aa130d5c124a",
	0,
	0,
	'has');
INSERT INTO R_RTO
	VALUES ("946fb7d0-910b-4c32-97d5-1f4c7cad8868",
	"2a55d869-9822-42ab-9262-ffd449e1d774",
	"97f53774-99d3-489d-b398-aa130d5c124a",
	-1);
INSERT INTO R_OIR
	VALUES ("946fb7d0-910b-4c32-97d5-1f4c7cad8868",
	"2a55d869-9822-42ab-9262-ffd449e1d774",
	"97f53774-99d3-489d-b398-aa130d5c124a",
	"00000000-0000-0000-0000-000000000000");
INSERT INTO PE_PE
	VALUES ("88d46804-da68-48d2-b1e9-0da8ceec8ffb",
	1,
	"41a87cca-6276-45ff-81f5-b4cd00549b6e",
	"00000000-0000-0000-0000-000000000000",
	9);
INSERT INTO R_REL
	VALUES ("88d46804-da68-48d2-b1e9-0da8ceec8ffb",
	1,
	'This relationship is established when the sensor is installed in the corresponding stand and never removed.',
	"00000000-0000-0000-0000-000000000000");
INSERT INTO R_SIMP
	VALUES ("88d46804-da68-48d2-b1e9-0da8ceec8ffb");
INSERT INTO R_PART
	VALUES ("a34d5dc0-6fb6-47a2-981d-e3dbd352ee62",
	"88d46804-da68-48d2-b1e9-0da8ceec8ffb",
	"cc5f69e5-51c1-4e7e-b810-8ac9f65aec70",
	1,
	0,
	'connected with');
INSERT INTO R_RTO
	VALUES ("a34d5dc0-6fb6-47a2-981d-e3dbd352ee62",
	"88d46804-da68-48d2-b1e9-0da8ceec8ffb",
	"cc5f69e5-51c1-4e7e-b810-8ac9f65aec70",
	-1);
INSERT INTO R_OIR
	VALUES ("a34d5dc0-6fb6-47a2-981d-e3dbd352ee62",
	"88d46804-da68-48d2-b1e9-0da8ceec8ffb",
	"cc5f69e5-51c1-4e7e-b810-8ac9f65aec70",
	"00000000-0000-0000-0000-000000000000");
INSERT INTO R_PART
	VALUES ("7ed5aaeb-09f7-4129-8553-c2c05f685c7d",
	"88d46804-da68-48d2-b1e9-0da8ceec8ffb",
	"f67246a0-26b4-44db-83fc-06cbf4d772ec",
	0,
	0,
	'connected to');
INSERT INTO R_RTO
	VALUES ("7ed5aaeb-09f7-4129-8553-c2c05f685c7d",
	"88d46804-da68-48d2-b1e9-0da8ceec8ffb",
	"f67246a0-26b4-44db-83fc-06cbf4d772ec",
	-1);
INSERT INTO R_OIR
	VALUES ("7ed5aaeb-09f7-4129-8553-c2c05f685c7d",
	"88d46804-da68-48d2-b1e9-0da8ceec8ffb",
	"f67246a0-26b4-44db-83fc-06cbf4d772ec",
	"00000000-0000-0000-0000-000000000000");
INSERT INTO PE_PE
	VALUES ("8dc92493-0140-4ccb-b6c1-1acbf6bebacb",
	1,
	"41a87cca-6276-45ff-81f5-b4cd00549b6e",
	"00000000-0000-0000-0000-000000000000",
	9);
INSERT INTO R_REL
	VALUES ("8dc92493-0140-4ccb-b6c1-1acbf6bebacb",
	4,
	'Established when a Ticket is created and removed when once the driver collectes the ticket.
',
	"00000000-0000-0000-0000-000000000000");
INSERT INTO R_SIMP
	VALUES ("8dc92493-0140-4ccb-b6c1-1acbf6bebacb");
INSERT INTO R_PART
	VALUES ("abf44062-5612-49b4-a45b-627ecdbff52f",
	"8dc92493-0140-4ccb-b6c1-1acbf6bebacb",
	"bcf8113e-9542-4eb1-ba48-f548e1607a13",
	1,
	1,
	'issues');
INSERT INTO R_RTO
	VALUES ("abf44062-5612-49b4-a45b-627ecdbff52f",
	"8dc92493-0140-4ccb-b6c1-1acbf6bebacb",
	"bcf8113e-9542-4eb1-ba48-f548e1607a13",
	-1);
INSERT INTO R_OIR
	VALUES ("abf44062-5612-49b4-a45b-627ecdbff52f",
	"8dc92493-0140-4ccb-b6c1-1acbf6bebacb",
	"bcf8113e-9542-4eb1-ba48-f548e1607a13",
	"00000000-0000-0000-0000-000000000000");
INSERT INTO R_PART
	VALUES ("7ed5aaeb-09f7-4129-8553-c2c05f685c7d",
	"8dc92493-0140-4ccb-b6c1-1acbf6bebacb",
	"2b51781e-459d-4788-9322-f9407fb3b9a9",
	0,
	0,
	'issued from');
INSERT INTO R_RTO
	VALUES ("7ed5aaeb-09f7-4129-8553-c2c05f685c7d",
	"8dc92493-0140-4ccb-b6c1-1acbf6bebacb",
	"2b51781e-459d-4788-9322-f9407fb3b9a9",
	-1);
INSERT INTO R_OIR
	VALUES ("7ed5aaeb-09f7-4129-8553-c2c05f685c7d",
	"8dc92493-0140-4ccb-b6c1-1acbf6bebacb",
	"2b51781e-459d-4788-9322-f9407fb3b9a9",
	"00000000-0000-0000-0000-000000000000");
INSERT INTO PE_PE
	VALUES ("c85599ff-2b03-4355-8da0-e43ac61b3468",
	1,
	"41a87cca-6276-45ff-81f5-b4cd00549b6e",
	"00000000-0000-0000-0000-000000000000",
	9);
INSERT INTO R_REL
	VALUES ("c85599ff-2b03-4355-8da0-e43ac61b3468",
	5,
	'This relationship is established once the ticket is issued and removed once the vehicle exited the car park. ',
	"00000000-0000-0000-0000-000000000000");
INSERT INTO R_SIMP
	VALUES ("c85599ff-2b03-4355-8da0-e43ac61b3468");
INSERT INTO R_PART
	VALUES ("abf44062-5612-49b4-a45b-627ecdbff52f",
	"c85599ff-2b03-4355-8da0-e43ac61b3468",
	"ac839180-689e-460d-a987-63398fdaf148",
	0,
	1,
	'reserved by');
INSERT INTO R_RTO
	VALUES ("abf44062-5612-49b4-a45b-627ecdbff52f",
	"c85599ff-2b03-4355-8da0-e43ac61b3468",
	"ac839180-689e-460d-a987-63398fdaf148",
	-1);
INSERT INTO R_OIR
	VALUES ("abf44062-5612-49b4-a45b-627ecdbff52f",
	"c85599ff-2b03-4355-8da0-e43ac61b3468",
	"ac839180-689e-460d-a987-63398fdaf148",
	"00000000-0000-0000-0000-000000000000");
INSERT INTO R_PART
	VALUES ("a0aab861-a662-4031-aded-38350d076a9e",
	"c85599ff-2b03-4355-8da0-e43ac61b3468",
	"d274f3fd-50da-4f5d-8416-fb9b3b408c39",
	0,
	1,
	'reserve');
INSERT INTO R_RTO
	VALUES ("a0aab861-a662-4031-aded-38350d076a9e",
	"c85599ff-2b03-4355-8da0-e43ac61b3468",
	"d274f3fd-50da-4f5d-8416-fb9b3b408c39",
	-1);
INSERT INTO R_OIR
	VALUES ("a0aab861-a662-4031-aded-38350d076a9e",
	"c85599ff-2b03-4355-8da0-e43ac61b3468",
	"d274f3fd-50da-4f5d-8416-fb9b3b408c39",
	"00000000-0000-0000-0000-000000000000");
INSERT INTO EP_PKG
	VALUES ("1f0aacdf-6c80-44b8-8cad-e32a3ba32ce1",
	"2d0d5816-3245-40af-987c-1fd066439af5",
	"2d0d5816-3245-40af-987c-1fd066439af5",
	'DataTypes',
	'',
	0);
INSERT INTO PE_PE
	VALUES ("50ca5a3a-e906-40f3-a875-74c13647ea00",
	1,
	"1f0aacdf-6c80-44b8-8cad-e32a3ba32ce1",
	"00000000-0000-0000-0000-000000000000",
	3);
INSERT INTO S_DT
	VALUES ("50ca5a3a-e906-40f3-a875-74c13647ea00",
	"00000000-0000-0000-0000-000000000000",
	'SensorType',
	'',
	'');
INSERT INTO S_EDT
	VALUES ("50ca5a3a-e906-40f3-a875-74c13647ea00");
INSERT INTO S_ENUM
	VALUES ("1c29ad83-1f31-4c47-b1bc-6be6faae5b85",
	'entered',
	'',
	"50ca5a3a-e906-40f3-a875-74c13647ea00",
	"00000000-0000-0000-0000-000000000000");
INSERT INTO S_ENUM
	VALUES ("dbb34e82-1eda-492e-9248-3a4f917861ea",
	'exited',
	'',
	"50ca5a3a-e906-40f3-a875-74c13647ea00",
	"1c29ad83-1f31-4c47-b1bc-6be6faae5b85");
INSERT INTO S_ENUM
	VALUES ("501c8b83-d03c-45df-a76c-ef639a934d77",
	'waiting',
	'',
	"50ca5a3a-e906-40f3-a875-74c13647ea00",
	"dbb34e82-1eda-492e-9248-3a4f917861ea");
INSERT INTO PE_PE
	VALUES ("b6e28bb9-f718-450c-8c6d-a9f4bc743851",
	1,
	"1f0aacdf-6c80-44b8-8cad-e32a3ba32ce1",
	"00000000-0000-0000-0000-000000000000",
	3);
INSERT INTO S_DT
	VALUES ("b6e28bb9-f718-450c-8c6d-a9f4bc743851",
	"00000000-0000-0000-0000-000000000000",
	'StandType',
	'',
	'');
INSERT INTO S_EDT
	VALUES ("b6e28bb9-f718-450c-8c6d-a9f4bc743851");
INSERT INTO S_ENUM
	VALUES ("a4a496ae-da1f-4189-b668-ed38326c0539",
	'entry',
	'',
	"b6e28bb9-f718-450c-8c6d-a9f4bc743851",
	"00000000-0000-0000-0000-000000000000");
INSERT INTO S_ENUM
	VALUES ("e791cf54-27ed-498d-9e4a-1bcdb344e394",
	'exit',
	'',
	"b6e28bb9-f718-450c-8c6d-a9f4bc743851",
	"a4a496ae-da1f-4189-b668-ed38326c0539");
INSERT INTO PE_PE
	VALUES ("23ed86f1-449f-4a24-9ead-66a565a62791",
	1,
	"1f0aacdf-6c80-44b8-8cad-e32a3ba32ce1",
	"00000000-0000-0000-0000-000000000000",
	3);
INSERT INTO S_DT
	VALUES ("23ed86f1-449f-4a24-9ead-66a565a62791",
	"00000000-0000-0000-0000-000000000000",
	'TicketStatus',
	'',
	'');
INSERT INTO S_EDT
	VALUES ("23ed86f1-449f-4a24-9ead-66a565a62791");
INSERT INTO S_ENUM
	VALUES ("41a4e195-5d9e-45a6-b4b4-75fed59149e4",
	'issued',
	'',
	"23ed86f1-449f-4a24-9ead-66a565a62791",
	"00000000-0000-0000-0000-000000000000");
INSERT INTO S_ENUM
	VALUES ("a15c08e1-6db9-4358-812f-4893a288fe29",
	'queued',
	'',
	"23ed86f1-449f-4a24-9ead-66a565a62791",
	"41a4e195-5d9e-45a6-b4b4-75fed59149e4");
INSERT INTO PE_PE
	VALUES ("90e0b169-2c73-4da6-adde-fbffa382abb4",
	1,
	"1f0aacdf-6c80-44b8-8cad-e32a3ba32ce1",
	"00000000-0000-0000-0000-000000000000",
	3);
INSERT INTO S_DT
	VALUES ("90e0b169-2c73-4da6-adde-fbffa382abb4",
	"00000000-0000-0000-0000-000000000000",
	'Location',
	'',
	'');
INSERT INTO S_EDT
	VALUES ("90e0b169-2c73-4da6-adde-fbffa382abb4");
INSERT INTO S_ENUM
	VALUES ("4fd67ec3-3b4b-447f-9750-ddc96882b7ca",
	'North',
	'',
	"90e0b169-2c73-4da6-adde-fbffa382abb4",
	"00000000-0000-0000-0000-000000000000");
INSERT INTO S_ENUM
	VALUES ("42d6d9b5-8d83-4cf3-9b14-a0d29e9c6e57",
	'East',
	'',
	"90e0b169-2c73-4da6-adde-fbffa382abb4",
	"4fd67ec3-3b4b-447f-9750-ddc96882b7ca");
INSERT INTO S_ENUM
	VALUES ("e0fdc512-11dd-4666-bb39-c66092ed93ce",
	'South',
	'',
	"90e0b169-2c73-4da6-adde-fbffa382abb4",
	"42d6d9b5-8d83-4cf3-9b14-a0d29e9c6e57");
INSERT INTO S_ENUM
	VALUES ("995c6592-3eb5-4184-990b-abfe2eb325c6",
	'West',
	'',
	"90e0b169-2c73-4da6-adde-fbffa382abb4",
	"e0fdc512-11dd-4666-bb39-c66092ed93ce");
INSERT INTO S_ENUM
	VALUES ("113930e2-b8fc-4e3e-80c8-03ebfeb3af0d",
	'NorthEast',
	'',
	"90e0b169-2c73-4da6-adde-fbffa382abb4",
	"995c6592-3eb5-4184-990b-abfe2eb325c6");
INSERT INTO S_ENUM
	VALUES ("00872f00-e2cb-4e63-b780-64659858d718",
	'NorthWest',
	'',
	"90e0b169-2c73-4da6-adde-fbffa382abb4",
	"113930e2-b8fc-4e3e-80c8-03ebfeb3af0d");
INSERT INTO S_ENUM
	VALUES ("23733b6e-0498-424b-a7ee-fb40a704a7b0",
	'SouthEast',
	'',
	"90e0b169-2c73-4da6-adde-fbffa382abb4",
	"00872f00-e2cb-4e63-b780-64659858d718");
INSERT INTO S_ENUM
	VALUES ("fcda62f1-af86-49c1-831f-488b7f13be98",
	'SouthWest',
	'',
	"90e0b169-2c73-4da6-adde-fbffa382abb4",
	"23733b6e-0498-424b-a7ee-fb40a704a7b0");
INSERT INTO PE_PE
	VALUES ("ba5eda7a-def5-0000-0000-000000000000",
	1,
	"00000000-0000-0000-0000-000000000000",
	"00000000-0000-0000-0000-000000000000",
	3);
INSERT INTO S_DT
	VALUES ("ba5eda7a-def5-0000-0000-000000000000",
	"00000000-0000-0000-0000-000000000000",
	'void',
	'',
	'');
INSERT INTO S_CDT
	VALUES ("ba5eda7a-def5-0000-0000-000000000000",
	0);
INSERT INTO PE_PE
	VALUES ("ba5eda7a-def5-0000-0000-000000000001",
	1,
	"00000000-0000-0000-0000-000000000000",
	"00000000-0000-0000-0000-000000000000",
	3);
INSERT INTO S_DT
	VALUES ("ba5eda7a-def5-0000-0000-000000000001",
	"00000000-0000-0000-0000-000000000000",
	'boolean',
	'',
	'');
INSERT INTO S_CDT
	VALUES ("ba5eda7a-def5-0000-0000-000000000001",
	1);
INSERT INTO PE_PE
	VALUES ("ba5eda7a-def5-0000-0000-000000000002",
	1,
	"00000000-0000-0000-0000-000000000000",
	"00000000-0000-0000-0000-000000000000",
	3);
INSERT INTO S_DT
	VALUES ("ba5eda7a-def5-0000-0000-000000000002",
	"00000000-0000-0000-0000-000000000000",
	'integer',
	'',
	'');
INSERT INTO S_CDT
	VALUES ("ba5eda7a-def5-0000-0000-000000000002",
	2);
INSERT INTO PE_PE
	VALUES ("ba5eda7a-def5-0000-0000-000000000003",
	1,
	"00000000-0000-0000-0000-000000000000",
	"00000000-0000-0000-0000-000000000000",
	3);
INSERT INTO S_DT
	VALUES ("ba5eda7a-def5-0000-0000-000000000003",
	"00000000-0000-0000-0000-000000000000",
	'real',
	'',
	'');
INSERT INTO S_CDT
	VALUES ("ba5eda7a-def5-0000-0000-000000000003",
	3);
INSERT INTO PE_PE
	VALUES ("ba5eda7a-def5-0000-0000-000000000004",
	1,
	"00000000-0000-0000-0000-000000000000",
	"00000000-0000-0000-0000-000000000000",
	3);
INSERT INTO S_DT
	VALUES ("ba5eda7a-def5-0000-0000-000000000004",
	"00000000-0000-0000-0000-000000000000",
	'string',
	'',
	'');
INSERT INTO S_CDT
	VALUES ("ba5eda7a-def5-0000-0000-000000000004",
	4);
INSERT INTO PE_PE
	VALUES ("ba5eda7a-def5-0000-0000-000000000005",
	1,
	"00000000-0000-0000-0000-000000000000",
	"00000000-0000-0000-0000-000000000000",
	3);
INSERT INTO S_DT
	VALUES ("ba5eda7a-def5-0000-0000-000000000005",
	"00000000-0000-0000-0000-000000000000",
	'unique_id',
	'',
	'');
INSERT INTO S_CDT
	VALUES ("ba5eda7a-def5-0000-0000-000000000005",
	5);
INSERT INTO PE_PE
	VALUES ("ba5eda7a-def5-0000-0000-000000000006",
	1,
	"00000000-0000-0000-0000-000000000000",
	"00000000-0000-0000-0000-000000000000",
	3);
INSERT INTO S_DT
	VALUES ("ba5eda7a-def5-0000-0000-000000000006",
	"00000000-0000-0000-0000-000000000000",
	'state<State_Model>',
	'',
	'');
INSERT INTO S_CDT
	VALUES ("ba5eda7a-def5-0000-0000-000000000006",
	6);
INSERT INTO PE_PE
	VALUES ("ba5eda7a-def5-0000-0000-000000000007",
	1,
	"00000000-0000-0000-0000-000000000000",
	"00000000-0000-0000-0000-000000000000",
	3);
INSERT INTO S_DT
	VALUES ("ba5eda7a-def5-0000-0000-000000000007",
	"00000000-0000-0000-0000-000000000000",
	'same_as<Base_Attribute>',
	'',
	'');
INSERT INTO S_CDT
	VALUES ("ba5eda7a-def5-0000-0000-000000000007",
	7);
INSERT INTO PE_PE
	VALUES ("ba5eda7a-def5-0000-0000-000000000008",
	1,
	"00000000-0000-0000-0000-000000000000",
	"00000000-0000-0000-0000-000000000000",
	3);
INSERT INTO S_DT
	VALUES ("ba5eda7a-def5-0000-0000-000000000008",
	"00000000-0000-0000-0000-000000000000",
	'inst_ref<Object>',
	'',
	'');
INSERT INTO S_CDT
	VALUES ("ba5eda7a-def5-0000-0000-000000000008",
	8);
INSERT INTO PE_PE
	VALUES ("ba5eda7a-def5-0000-0000-000000000009",
	1,
	"00000000-0000-0000-0000-000000000000",
	"00000000-0000-0000-0000-000000000000",
	3);
INSERT INTO S_DT
	VALUES ("ba5eda7a-def5-0000-0000-000000000009",
	"00000000-0000-0000-0000-000000000000",
	'inst_ref_set<Object>',
	'',
	'');
INSERT INTO S_CDT
	VALUES ("ba5eda7a-def5-0000-0000-000000000009",
	9);
INSERT INTO PE_PE
	VALUES ("ba5eda7a-def5-0000-0000-00000000000a",
	1,
	"00000000-0000-0000-0000-000000000000",
	"00000000-0000-0000-0000-000000000000",
	3);
INSERT INTO S_DT
	VALUES ("ba5eda7a-def5-0000-0000-00000000000a",
	"00000000-0000-0000-0000-000000000000",
	'inst<Event>',
	'',
	'');
INSERT INTO S_CDT
	VALUES ("ba5eda7a-def5-0000-0000-00000000000a",
	10);
INSERT INTO PE_PE
	VALUES ("ba5eda7a-def5-0000-0000-00000000000b",
	1,
	"00000000-0000-0000-0000-000000000000",
	"00000000-0000-0000-0000-000000000000",
	3);
INSERT INTO S_DT
	VALUES ("ba5eda7a-def5-0000-0000-00000000000b",
	"00000000-0000-0000-0000-000000000000",
	'inst<Mapping>',
	'',
	'');
INSERT INTO S_CDT
	VALUES ("ba5eda7a-def5-0000-0000-00000000000b",
	11);
INSERT INTO PE_PE
	VALUES ("ba5eda7a-def5-0000-0000-00000000000c",
	1,
	"00000000-0000-0000-0000-000000000000",
	"00000000-0000-0000-0000-000000000000",
	3);
INSERT INTO S_DT
	VALUES ("ba5eda7a-def5-0000-0000-00000000000c",
	"00000000-0000-0000-0000-000000000000",
	'inst_ref<Mapping>',
	'',
	'');
INSERT INTO S_CDT
	VALUES ("ba5eda7a-def5-0000-0000-00000000000c",
	12);
INSERT INTO PE_PE
	VALUES ("ba5eda7a-def5-0000-0000-00000000000d",
	1,
	"00000000-0000-0000-0000-000000000000",
	"00000000-0000-0000-0000-000000000000",
	3);
INSERT INTO S_DT
	VALUES ("ba5eda7a-def5-0000-0000-00000000000d",
	"00000000-0000-0000-0000-000000000000",
	'component_ref',
	'',
	'');
INSERT INTO S_CDT
	VALUES ("ba5eda7a-def5-0000-0000-00000000000d",
	13);
INSERT INTO PE_PE
	VALUES ("ba5eda7a-def5-0000-0000-00000000000e",
	1,
	"00000000-0000-0000-0000-000000000000",
	"00000000-0000-0000-0000-000000000000",
	3);
INSERT INTO S_DT
	VALUES ("ba5eda7a-def5-0000-0000-00000000000e",
	"00000000-0000-0000-0000-000000000000",
	'date',
	'',
	'');
INSERT INTO S_UDT
	VALUES ("ba5eda7a-def5-0000-0000-00000000000e",
	"ba5eda7a-def5-0000-0000-00000000000b",
	1,
	'');
INSERT INTO PE_PE
	VALUES ("ba5eda7a-def5-0000-0000-00000000000f",
	1,
	"00000000-0000-0000-0000-000000000000",
	"00000000-0000-0000-0000-000000000000",
	3);
INSERT INTO S_DT
	VALUES ("ba5eda7a-def5-0000-0000-00000000000f",
	"00000000-0000-0000-0000-000000000000",
	'inst_ref<Timer>',
	'',
	'');
INSERT INTO S_UDT
	VALUES ("ba5eda7a-def5-0000-0000-00000000000f",
	"ba5eda7a-def5-0000-0000-00000000000c",
	3,
	'');
INSERT INTO PE_PE
	VALUES ("ba5eda7a-def5-0000-0000-000000000010",
	1,
	"00000000-0000-0000-0000-000000000000",
	"00000000-0000-0000-0000-000000000000",
	3);
INSERT INTO S_DT
	VALUES ("ba5eda7a-def5-0000-0000-000000000010",
	"00000000-0000-0000-0000-000000000000",
	'timestamp',
	'',
	'');
INSERT INTO S_UDT
	VALUES ("ba5eda7a-def5-0000-0000-000000000010",
	"ba5eda7a-def5-0000-0000-000000000002",
	2,
	'');
